point,label,prediction,correct,margin,score_0,score_1
0,0,0,1,0.6582591944687075,0.8717574752477973,0.2134982807790899
1,0,0,1,0.8114977608224163,0.9458916477543439,0.1343938869319276
2,1,1,1,0.4215347844113607,0.3493717925401374,0.7709065769514981
3,1,1,1,0.030819948472099457,0.5383928838855745,0.569212832357674
4,0,0,1,0.9260987347187802,1.0013336201664387,0.07523488544765844
5,1,1,1,0.09632627526896076,0.5067020540469593,0.6030283293159201
6,0,0,1,0.827178914827724,0.9534779193032951,0.12629900447557105
7,1,1,1,1.1407621784613207,0.0014219978464130023,1.1421841763077336
8,0,0,1,0.9949716545806182,1.0346531496005738,0.039681495019955555
9,1,0,0,0.20576543948478904,0.6528488095749349,0.4470833700901458
10,0,0,1,0.8064957128818161,0.9434717433285968,0.13697603044678072
11,0,0,1,0.9758909645386767,1.0254222412152252,0.04953127667654845
12,0,0,1,1.070650357052154,1.0712651991491609,0.0006148420970068074
13,0,0,1,0.8814430968481034,0.9797299936116637,0.09828689676356032
14,1,1,1,1.1297595928365352,0.006744858795419522,1.1365044516319547
15,1,1,1,0.4716981103262195,0.3251036416081429,0.7968017519343624
16,1,1,1,1.0960144900084796,0.02307015688344661,1.1190846468919262
17,0,0,1,0.12005641000998313,0.6113842610109163,0.4913278510009331
18,0,0,1,0.07610666711222858,0.5901221342556978,0.5140154671434692
19,1,1,1,0.9191220904187083,0.10864764549043064,1.027769735909139
20,0,0,1,0.5579790007404055,0.8232436490111039,0.26526464827069846
21,0,0,1,0.34680548729850186,0.7210815494376848,0.3742760621391829
22,1,1,1,0.8927947668947736,0.12138435003029137,1.014179116925065
23,0,0,1,0.8958344735225686,0.9866922931579076,0.09085781963533905
24,0,0,1,0.7329130924913692,0.9078737420988164,0.17496064960744726
25,0,0,1,0.9150082493882167,0.995968234857498,0.08095998546928132
26,0,0,1,0.46069977036333687,0.7761816370275708,0.31548186666423395
27,0,0,1,0.9229653205134736,0.9998177284770419,0.0768524079635683
28,1,1,1,0.8563578120109961,0.13901191966398388,0.99536973167498
29,1,1,1,0.052051862267331384,0.5281212505925125,0.5801731128598439
30,0,0,1,0.7526841892386699,0.9174386573273028,0.16475446808863292
31,0,0,1,0.6402385953931379,0.8630394205679074,0.22280082517476948
32,1,1,1,0.6304448299310453,0.24830471966529422,0.8787495495963396
33,0,0,1,0.8809506869765691,0.9794917742180158,0.09854108724144675
34,1,1,1,1.0379122607538191,0.051179012174076124,1.0890912729278952
35,1,1,1,0.01269284711486307,0.5471624625304121,0.5598553096452752
36,1,1,1,0.1566511286267886,0.47751793159218087,0.6341690602189695
37,0,0,1,0.7559428086230456,0.9190151211204767,0.16307231249743104
38,0,0,1,0.8739259833786513,0.9760933439094646,0.10216736053081321
39,0,0,1,1.0042579035585588,1.039145676514982,0.03488777295642321
40,0,0,1,0.9436875433195677,1.009842782070144,0.06615523875057636
41,1,0,0,0.06345708884081858,0.5840024867020709,0.5205453978612523
42,0,0,1,0.612458699003376,0.8495999863564246,0.23714128735304865
43,0,0,1,0.9445410250791342,1.0102556818087702,0.06571465672963607
44,0,0,1,1.069153193943172,1.0705408974878186,0.0013877035446464752
45,0,0,1,1.0088120443366022,1.041348891189278,0.03253684685267587
46,0,0,1,0.61066946735491,0.8487343869786846,0.23806491962377457
47,0,1,0,0.021548591828024044,0.5428782061459976,0.5644267979740216
48,1,1,1,1.1005356403044508,0.020882902434746744,1.1214185427391976
49,0,0,1,1.0149590218598004,1.0443226927781468,0.029363670918346435
50,1,1,1,0.8674613194768368,0.13364023447084292,1.0011015539476797
51,1,1,1,1.0605738173316714,0.04021574238772502,1.1007895597193964
52,0,0,1,0.4613463279076775,0.7764944304037299,0.3151481024960524
53,0,0,1,0.8258459004006933,0.9528330299400057,0.12698712953931243
54,1,1,1,0.32347795754287345,0.3968099922798406,0.720287949822714
55,0,0,1,1.031961730710923,1.052548309742862,0.02058657903193899
56,0,0,1,1.0590866486657866,1.0656708766967333,0.006584228030946656
57,1,1,1,0.8205526051497944,0.1563338605124383,0.9768864656622327
58,1,1,1,0.3550079528187975,0.381556324978356,0.7365642777971535
59,0,0,1,0.8691838736812352,0.9737991931175435,0.10461531943630825
60,1,1,1,0.8357047031309981,0.14900353713299702,0.9847082402639952
61,1,1,1,0.7354007791229744,0.19752884366928075,0.9329296227922551
62,1,1,1,0.7738374114318226,0.17893386462479108,0.9527712760566137
63,0,0,1,0.2729354210494922,0.6853444868647187,0.4124090658152265
64,0,0,1,0.7439623666166811,0.9132191901382302,0.16925682352154903
65,1,1,1,0.595284043456276,0.2653149010576844,0.8605989445139604
66,1,1,1,1.129490406058413,0.006875086710758645,1.1363654927691715
67,0,0,1,0.8522970492151741,0.965629639017402,0.11333258980222785
68,0,0,1,0.2588483530761882,0.678529406613747,0.41968105353755886
69,1,1,1,1.1241872687555508,0.00944065297120516,1.133627921726756
70,0,0,1,0.9998544200623622,1.037015347232318,0.03716092716995577
71,0,0,1,0.2355574084661889,0.6672616497647786,0.43170424129858975
72,1,1,1,1.0027355029922116,0.06819692019927008,1.0709324231914816
73,0,0,1,0.9200177166972829,0.9983917286456023,0.07837401194831933
74,1,1,1,0.37946207582866703,0.36972584250356283,0.7491879183322299
75,1,1,1,1.1116556898913634,0.015503214449055844,1.1271589043404193
76,1,1,1,0.4994428313601932,0.3116812246264349,0.8111240559866281
77,0,0,1,0.5922981339271232,0.8398466530751504,0.2475485191480272
78,1,1,1,1.121245912944709,0.01086363012553827,1.1321095430702472
79,0,0,1,0.7482384102673751,0.9152878662240815,0.16704945595670634
80,0,0,1,0.4615123863461761,0.7765747666090257,0.3150623802628496
81,0,0,1,0.9238170936169061,1.000229801597333,0.07641270798042693
82,1,1,1,1.139028182265915,0.002260875265686075,1.141289057531601
83,1,1,1,0.8559301355690158,0.13921882214213402,0.9951489577111498
84,1,1,1,0.7823597796083573,0.17481089005254669,0.957170669660904
85,0,0,1,0.924629514277111,1.00062283668507,0.07599332240795892
86,1,1,1,0.616895892051001,0.2548594618687759,0.871755353919777
87,1,1,1,0.48146525498557935,0.32037846566645445,0.8018437206520338
88,1,1,1,0.3440198720981949,0.3868721687051679,0.7308920408033628
89,1,0,0,0.26399067826698647,0.6810171747510413,0.4170264964840548
90,1,1,1,0.5753490014369793,0.2749591301779995,0.8503081316149789
91,1,1,1,0.8373933249774008,0.14818661104031494,0.9855799360177158
92,0,0,1,0.8655328847454863,0.9720329077102684,0.10650002296478216
93,0,0,1,0.10352555348444398,0.603386918054075,0.499861364569631
94,1,1,1,0.6586495472358908,0.23465976443026904,0.8933093116661598
95,0,0,1,0.27246661766664965,0.6851176878826982,0.4126510702160486
96,1,1,1,0.7459702048824599,0.19241553798394687,0.9383857428664067
97,1,1,1,0.9299577079062369,0.1034055608432718,1.0333632687495087
98,0,0,1,0.3580111415848133,0.7265026514988503,0.368491509914037
99,0,0,1,0.817610578156973,0.9488489232337752,0.13123834507680224
100,0,0,1,0.14021953113894314,0.6211388308663561,0.480919299727413
101,1,1,1,0.8471348654466805,0.14347382196369227,0.9906086874103728
102,1,1,1,1.0662831965734612,0.03745364329160614,1.1037368398650673
103,0,0,1,0.6811939036811766,0.8828528915623831,0.20165898788120648
104,1,1,1,1.0439590779925705,0.048253666401403966,1.0922127443939744
105,1,1,1,0.7228550685068529,0.20359824184471112,0.926453310351564
106,0,0,1,0.415427846492962,0.7542798619472508,0.33885201545428884
107,0,0,1,0.7042581175803164,0.8940109600082861,0.18975284242796958
108,1,0,0,0.4153504483500991,0.7542424180621297,0.33889196971203056
109,1,1,1,1.1259415383340536,0.008591967639240363,1.134533505973294
110,1,1,1,0.2678202123274377,0.42373624840000346,0.6915564607274411
111,1,1,1,0.4970893011684383,0.31281982189595114,0.8099091230643894
112,1,1,1,1.0520964292304917,0.04431695637616156,1.0964133856066534
113,1,1,1,0.4107752009221099,0.3545770932517713,0.7653522941738812
114,0,0,1,1.0485238474502976,1.0605607758514022,0.012036928401104537
115,0,0,1,0.4250047073505843,0.758912981871196,0.3339082745206117
116,0,0,1,0.8069487761887986,0.9436909275336924,0.13674215134489393
117,1,1,1,1.0751141118602088,0.03318139895497271,1.1082955108151815
118,1,1,1,0.7823392470982814,0.17482082332639656,0.957160070424678
119,0,0,1,0.581030517172841,0.8343955746418563,0.2533650574690153
120,1,1,1,0.4938840998141853,0.31437044296849465,0.8082545427826799
121,0,0,1,0.9840155244799775,1.0293527630320236,0.045337238552046105
122,1,1,1,0.7704880752686865,0.18055421562916696,0.9510422908978534
123,1,1,1,1.0014329060669616,0.06882709410040208,1.0702600001673637
124,0,0,1,0.6176910236866442,0.8521312946941986,0.2344402710075544
125,0,0,1,0.7217889361923192,0.9024920673567022,0.18070313116438294
126,1,1,1,0.8019381495621661,0.1653392127190324,0.9672773622811985
127,0,0,1,0.663419481407604,0.8742539329686848,0.21083445156108077
128,0,0,1,0.5744645719026098,0.8312190836910841,0.25675451178847425
129,0,0,1,0.757403388457483,0.9197217244252598,0.1623183359677768
130,0,0,1,0.7950727750905983,0.9379455232594857,0.1428727481688874
131,1,1,1,1.0612683791658302,0.03987972536501858,1.1011481045308487
132,0,0,1,0.9380643800158347,1.0071223927562085,0.06905801274037378
133,0,0,1,1.0354245251238239,1.054223549889446,0.018799024765622126
134,0,0,1,0.18691218539254228,0.6437279307750233,0.45681574538248104
135,0,0,1,1.0700361078913347,1.0709680360110962,0.0009319281197615628
136,0,0,1,1.0178577125756898,1.0457250292962192,0.02786731672052949
137,1,1,1,0.17614641708877393,0.46808644764988333,0.6442328647386573
138,0,0,1,0.5242034925917519,0.8069036413539653,0.2827001487622134
139,0,0,1,0.4634203624147995,0.7774978124869361,0.31407745007213655
140,1,1,1,0.9357018242317235,0.1006266565458486,1.0363284807775721
141,0,0,1,0.33294931099620845,0.7143781705904545,0.38142885959424605
142,1,1,1,0.6882385929091489,0.2203450950331267,0.9085836879422756
143,1,1,1,0.7059084222636962,0.21179673668769805,0.9177051589513943
144,1,1,1,0.32017021247667976,0.39841022222964884,0.7185804347063286
145,0,0,1,0.38147235723712297,0.7378527825381016,0.35638042530097863
146,0,0,1,1.0037009651843085,1.0388762393459023,0.03517527416159377
147,1,1,1,0.6394692732670954,0.24393884979996253,0.8834081230670578
148,1,1,1,0.028232716009720882,0.5396445422783958,0.5678772582881166
149,0,0,1,0.9463412131912747,1.0111265817344561,0.06478536854318145
150,0,0,1,0.734841050728147,0.9088064550046576,0.1739654042765106
151,0,0,1,0.48801831645697097,0.7893978779316968,0.30137956147472583
152,0,0,1,0.8561548937568434,0.9674959975951467,0.11134110383830334
153,0,0,1,0.8303370576181323,0.9550057742551876,0.1246687166370554
154,1,1,1,0.12461335809646118,0.4930172517942389,0.6176306098907001
155,1,1,1,0.5276990073417225,0.2980113745721419,0.8257103819138644
156,1,1,1,1.1333535882880523,0.005006145851737178,1.1383597341397895
157,0,0,1,0.7758650172196341,0.928653141652474,0.15278812443283996
158,1,1,1,0.42088273234480666,0.34968724407127216,0.7705699764160788
159,1,1,1,1.130604077363463,0.00633631176259315,1.136940389126056
160,1,1,1,0.9678597410864599,0.08506921162654937,1.0529289527130092
161,1,1,1,0.5123867030649719,0.305419202991165,0.8178059060561369
162,1,1,1,0.48216489978258287,0.3200399895940887,0.8022048893766716
163,1,1,1,0.907532639813223,0.11425442158398902,1.021787061397212
164,1,1,1,0.6099204423665144,0.2582340639844525,0.8681545063509669
165,1,0,0,0.10480135652339251,0.6040041295356512,0.4992027730122587
166,1,1,1,0.5214509961779402,0.30103405449182685,0.8224850506697671
167,1,1,1,0.02679223415640619,0.5403414225269337,0.5671336566833399
168,0,0,1,0.4963004937404519,0.7934046522971404,0.29710415855668854
169,1,1,1,0.4642854465199242,0.3286897603667881,0.7929752068867123
170,1,1,1,0.5354870076100302,0.2942436745139262,0.8297306821239564
171,1,0,0,0.11911409417704727,0.6109283848814485,0.49181429070440125
172,1,1,1,0.4385919870263085,0.3411198124334007,0.7797117994597093
173,0,1,0,0.07704697282298045,0.5160290476840386,0.593076020507019
174,0,0,1,0.732549397434751,0.9076977927101693,0.1751483952754182
175,0,0,1,0.1902908263057383,0.6453624589114874,0.45507163260574907
176,1,1,1,1.0654771479101022,0.03784359571729122,1.1033207436273933
177,0,0,1,0.9695004232885377,1.0223306077007581,0.05283018441222042
178,0,0,1,0.7554927049303815,0.9187973687256861,0.16330466379530456
179,0,0,1,0.9092928943015811,0.9932032447508247,0.08391035044924351
180,0,0,1,1.035226452828765,1.0541277259331139,0.018901273104349036
181,1,1,1,1.1304398582226935,0.006415758147405845,1.1368556163700994
182,1,1,1,0.4322794766262,0.34417369596994357,0.7764531725961435
183,1,1,1,0.5485643202139163,0.2879170964757269,0.8364814166896432
184,1,1,1,0.9331542547782588,0.10185912665979903,1.0350133814380578
185,0,0,1,0.9516398887761434,1.0136899894927758,0.062050100716632375
186,0,0,1,0.9642546051913884,1.0197927714823327,0.055538166290944296
187,0,0,1,0.3021658885567531,0.6994856823365454,0.3973197937797923
188,1,1,1,1.1309036900257823,0.006191364329828301,1.1370950543556106
189,0,0,1,0.9265714815387699,1.0015623269152616,0.07499084537649171
190,1,1,1,0.7343599423416579,0.19803238253246203,0.9323923248741199
191,0,0,1,0.7008155376814451,0.8923454992945554,0.19152996161311037
192,0,0,1,1.0261554281837826,1.0497393208348176,0.023583892651034926
193,0,0,1,1.0476007249733694,1.0601141851361686,0.012513460162799158
194,1,1,1,0.9299101350491726,0.1034285757701022,1.0333387108192749
195,0,0,1,0.1880920633314454,0.6442987353494893,0.45620667201804393
196,0,0,1,0.5959125840583592,0.8415952616396998,0.2456826775813405
197,1,1,1,0.813673418196738,0.15966189238077041,0.9733353105775084
198,1,1,1,1.0880057942849513,0.026944625592257583,1.1149504198772089
199,1,1,1,1.118328883164642,0.012274838766208053,1.1306037219308502
200,1,1,1,0.9683666962998851,0.08482395544764193,1.0531906517475271
201,1,1,1,0.8028714142420342,0.16488771538113697,0.9677591296231712
202,0,0,1,0.776685634771512,0.9290501422548707,0.1523645074833587
203,0,0,1,0.9704051351523024,1.0227682916792302,0.052363156526927836
204,0,0,1,0.9478274983474768,1.011845620830068,0.06401812248259103
205,1,1,1,1.0998104784249847,0.021233723231016983,1.1210442016560016
206,0,0,1,0.8170560722932153,0.9485806628712709,0.13152459057805552
207,1,1,1,1.056482278075557,0.042195158433226,1.098677436508783
208,0,0,1,0.02269591137879856,0.564282932849261,0.5415870214704624
209,0,0,1,0.4911083002777388,0.7908927587509449,0.2997844584732061
210,1,1,1,1.0995644039678947,0.02135276980450977,1.1209171737724044
211,0,0,1,0.9296039263957621,1.0030293713773322,0.07342544498157005
212,0,0,1,0.5840739842777092,0.8358679514771336,0.2517939671994243
213,1,1,1,0.16283108083801073,0.4745281774186039,0.6373592582566147
214,0,0,1,0.18529385130929305,0.6429450086885304,0.4576511573792374
215,1,0,0,0.21601384486021763,0.657806811141364,0.44179296628114634
216,0,0,1,0.5501109399211825,0.8194372170407219,0.2693262771195393
217,0,0,1,0.9767827363733681,1.0258536650310608,0.04907092865769268
218,1,1,1,1.1433104145429158,0.0001892052292833518,1.1434996197721992
219,0,0,1,0.9050571190715334,0.9911540498315868,0.08609693076005343
220,0,0,1,0.9360427994714418,1.0061443869944737,0.07010158752303201
221,1,1,1,0.7749377991746825,0.1784015160346524,0.9533393152093349
222,1,1,1,0.9926724193649078,0.07306526630381635,1.0657376856687242
223,1,1,1,0.8384235924802472,0.1476881854115629,0.9861117778918101
224,1,1,1,0.7641475861315955,0.18362163479556667,0.9477692209271622
225,1,1,1,0.7005137902439089,0.2144065665123985,0.9149203567563075
226,0,0,1,1.0096964835356856,1.0417767676026155,0.03208028406692984
227,0,1,0,0.08204146675872925,0.5136127977554074,0.5956542645141366
228,1,1,1,0.5657273384709612,0.2796139245884105,0.8453412630593717
229,0,0,1,0.6411291046629957,0.8634702335766765,0.22234112891368082
230,1,1,1,0.8009889367178918,0.16579842550349835,0.9667873622213902
231,1,1,1,0.48349749327931063,0.31939530386961196,0.8028927971489226
232,1,1,1,0.26940169437078126,0.4229711546941108,0.692372849064892
233,1,1,1,1.1312090833013837,0.006043620336168757,1.1372527036375524
234,0,0,1,0.7012144661287387,0.8925384939892537,0.191324027860515
235,1,1,1,1.0092224100670948,0.0650586665626934,1.0742810766297881
236,1,0,0,0.29764604975978604,0.6972990623684187,0.3996530126086326
237,0,0,1,0.6761664090475307,0.8804206764659162,0.20425426741838545
238,0,0,1,0.7121345825462766,0.8978214577597493,0.18568687521347269
239,0,0,1,0.5843699845548745,0.8360111513003341,0.25164116674545955
240,1,1,1,0.09958677696219786,0.5051246796252593,0.6047114565874572
241,1,1,1,0.42520082125824027,0.3475982272132823,0.7727990484715226
242,1,1,1,1.0690863632610932,0.03609751964903793,1.105183882910131
243,1,0,0,0.15411775598223537,0.6278625520716901,0.4737447960894547
244,1,1,1,0.9166145434594756,0.10986075341272039,1.026475296872196
245,1,1,1,0.5574774822944335,0.2836050625603829,0.8410825448548165
246,1,1,1,0.4819669987387021,0.3201357307020577,0.8021027294407598
247,0,0,1,0.8003004267510285,0.9404745708694974,0.1401741441184689
248,0,0,1,1.0060108968453456,1.039993744399052,0.033982847553706196
249,0,0,1,1.046459555263235,1.0595621069344248,0.013102551671189863
250,1,1,1,0.14849773015966944,0.48146240498982956,0.629960135149499
251,0,0,1,1.0182913728167369,1.0459348266330386,0.027643453816301754
252,0,0,1,0.9639016731709245,1.0196220290647369,0.05572035589381247
253,0,0,1,0.5769206694571133,0.8324073012797176,0.25548663182260434
254,0,0,1,0.6387776988193014,0.8623326640300719,0.22355496521077053
255,1,1,1,1.0120325848687606,0.06369915251556135,1.075731737384322
256,0,0,1,1.015116772195491,1.0443990096667561,0.029282237471265016
257,1,1,1,0.29145718775007784,0.4123010878186241,0.703758275568702
258,0,0,1,0.41420346523353613,0.753687527434733,0.33948406220119687
259,1,1,1,0.9846328672491957,0.07695466280238356,1.0615875300515794
260,1,1,1,0.3496634660831178,0.3841418953804393,0.7338053614635571
261,1,0,0,0.4081694852413919,0.750768392100315,0.3425989068589231
262,1,1,1,0.7775147893425741,0.17715481268705535,0.9546696020296295
263,0,0,1,0.23235944683512472,0.6657145311453092,0.4333550843101845
264,1,1,1,0.43538546483689483,0.3426710725031887,0.7780565373400835
265,1,1,1,0.5298684159704381,0.29696185213568704,0.8268302681061251
266,0,0,1,0.05620686982698209,0.5804949559291626,0.5242880861021805
267,0,0,1,1.0406360358462594,1.0567447887923536,0.01610875294609414
268,0,0,1,0.5183091146122684,0.8040520430628328,0.2857429284505645
269,0,0,1,0.664653747240854,0.8748510494673467,0.21019730222649263
270,1,1,1,0.5794669981454466,0.27296691447387816,0.8524339126193248
271,0,0,1,0.9458431076565444,1.0108856068772982,0.06504249922075378
272,0,0,1,0.7567136323056597,0.9193880323086898,0.1626744000030301
273,1,1,1,0.724629198337032,0.2027399484659025,0.9273691468029345
274,1,0,0,0.5769806278444143,0.8324363081122217,0.2554556802678074
275,0,0,1,0.97242521542973,1.0237455716377115,0.05132035620798152
276,1,1,1,0.28058662194725237,0.41756007985728805,0.6981467018045404
277,0,0,1,0.7609809709727805,0.9214524970737932,0.16047152610101265
278,0,0,1,0.9342097920442881,1.0052576096508596,0.07104781760657153
279,1,0,0,0.010633565311083615,0.5584473780963305,0.5478138127852469
280,1,1,1,0.6831948532932839,0.22278516917149707,0.9059800224647809
281,1,1,1,0.6459444821157454,0.24080625556324986,0.8867507376789953
282,1,1,1,0.7049671151405867,0.2122521248207687,0.9172192399613555
283,0,0,1,0.8706518125836887,0.9745093566123674,0.10385754402867865
284,0,0,1,0.9969134957506182,1.035592578829798,0.03867908307917978
285,0,0,1,0.5518379952335302,0.8202727365806163,0.26843474134708606
286,1,1,1,0.9749087334978235,0.08165903080943601,1.0565677643072595
287,1,1,1,0.4805218059834388,0.3208348900036176,0.8013566959870564
288,1,1,1,0.15751835907520612,0.47709838047528047,0.6346167395504866
289,0,0,1,0.2171598591876409,0.6583612330853025,0.44120137389766156
290,0,0,1,1.0162922931104073,1.0449677063882479,0.028675413277840574
291,0,0,1,0.9284067234536131,1.0024501852654382,0.07404346181182506
292,1,1,1,1.1427576370223982,0.0004566294491707135,1.143214266471569
293,0,0,1,0.912050233611396,0.9945371978992839,0.08248696428788777
294,0,0,1,0.9777974150631259,1.0263445490612049,0.04854713399807903
295,1,1,1,0.9531446270403382,0.09218812972338582,1.045332756763724
296,1,0,0,0.27108233816093386,0.6844479973595101,0.41336565919857626
297,0,1,0,0.7341224377528194,0.19814728315166652,0.9322697209044859
298,1,1,1,0.697323640571041,0.2159499058413779,0.9132735464124189
299,1,1,1,0.19135189976830008,0.4607302976751611,0.6520821974434612
300,0,0,1,1.0032562694443568,1.0386611032252575,0.03540483378090066
301,0,0,1,0.816991327674746,0.9485493405427691,0.13155801286802302
302,0,0,1,0.4389832325607954,0.7656755510075381,0.32669231844674274
303,1,0,0,0.36317013796231523,0.7289984848684185,0.3658283469061032
304,0,0,1,0.49940254621928315,0.794905371724776,0.2955028255054929
305,0,0,1,0.7964724316490448,0.9386226529352769,0.14215022128623206
306,1,1,1,0.6854278901136033,0.22170486451458116,0.9071327546281844
307,0,0,1,0.9798819969228477,1.027353033771483,0.047471036848635226
308,0,0,1,0.6773917889987444,0.881013494128277,0.20362170512953265
309,1,0,0,0.13974572420299308,0.6209096112517362,0.4811638870487431
310,0,0,1,0.360115583238733,0.7275207440346518,0.36740516079591884
311,1,1,1,0.23413625286709605,0.4400319663824632,0.6741682192495593
312,0,0,1,0.5700873618586215,0.8291014650509475,0.259014103192326
313,0,0,1,0.2952694213276754,0.6961492905690443,0.40087986924136887
314,0,0,1,0.9702963258280562,1.0227156516069174,0.05241932577886109
315,1,0,0,0.5093885933325675,0.7997364488939915,0.2903478555614241
316,1,1,1,0.9342011034531745,0.10135267934629892,1.0355537827994734
317,1,1,1,0.42536567833072325,0.3475184722081215,0.7728841505388447
318,0,0,1,0.8568073378563212,0.967811638785041,0.11100430092871971
319,0,0,1,0.5363044747734302,0.8127578875917204,0.27645341281829017
320,0,0,1,0.9853559740247029,1.030001249376875,0.04464527535217219
321,0,0,1,1.0004223745160725,1.0372901137904313,0.03686773927435874
322,1,1,1,0.7346906342051767,0.19787239951878627,0.932563033723963
323,1,1,1,0.6101684308681634,0.25811409142925085,0.8682825222974142
324,0,0,1,0.4455820283304591,0.7688679344627223,0.32328590613226316
325,0,0,1,0.8315488609389216,0.9555920237781702,0.12404316283924867
326,1,0,0,0.05763724983457419,0.5811869490791636,0.5235496992445894
327,0,0,1,0.4220506423697088,0.7574838562398437,0.3354332138701349
328,0,0,1,0.9876456865567758,1.0311089727645455,0.04346328620776974
329,0,0,1,0.930692840525251,1.0035561692314312,0.07286332870618017
330,1,1,1,0.8173971918140522,0.1578603950012916,0.9752575868153438
331,1,0,0,0.2430961927437788,0.6709087834297757,0.42781259068599686
332,0,0,1,0.3615507184055151,0.728215037648564,0.3666643192430489
333,1,1,1,0.2755483039557528,0.419997531107403,0.6955458350631558
334,0,0,1,0.8862816809743413,0.982070817066472,0.09578913609213073
335,1,1,1,0.0007296678259217648,0.5529500421080362,0.553679709933958
336,0,0,1,0.6185457571873233,0.8525448000035618,0.23399904281623854
337,1,1,1,0.9247710996453341,0.10591475236526848,1.0306858520106026
338,0,0,1,0.42966678681331905,0.7611684154174212,0.33150162860410215
339,1,1,1,0.4167654018282387,0.35167913748325547,0.7684445393114941
340,1,1,1,0.6815851338947321,0.2235639236222789,0.905149057517011
341,1,1,1,0.2316909761236996,0.44121494904952085,0.6729059251732205
342,1,1,1,1.109790813056281,0.016405409661952572,1.1261962227182336
343,0,0,1,0.2358979363987036,0.6674263912988,0.4315284549000964
344,1,0,0,0.25626083323321747,0.6772776091911574,0.42101677595793996
345,1,0,0,0.4015807221086495,0.7475808622616448,0.3460001401529953
346,1,1,1,1.0489825346885242,0.04582340478947146,1.0948059394779956
347,0,0,1,0.9413807093537097,1.0087267756284357,0.0673460662747261
348,1,1,1,0.9033394832947919,0.11628299830642329,1.0196224816012152
349,1,1,1,0.7745337472278845,0.17859698938994598,0.9531307366178304
350,1,1,1,0.9081656009456227,0.11394820591716436,1.022113806862787
351,1,1,1,1.0908025245570536,0.025591615776388216,1.1163941403334419
352,1,1,1,0.6775654190374159,0.2255085922637981,0.9030740113012139
353,0,0,1,0.16562066160891536,0.6334274591988324,0.467806797589917
354,0,0,1,0.7091511113600674,0.896378105913999,0.18722699455393169
355,0,0,1,0.5158528149582198,0.8028637277019289,0.2870109127437091
356,0,0,1,0.9608600808268558,1.0181505592063638,0.057290478379507986
357,0,0,1,1.0127874541317197,1.0432721258066993,0.03048467167497953
358,0,0,1,0.7094389317585665,0.8965173484531389,0.1870784166945723
359,1,1,1,0.014397533220850911,0.5463377648263165,0.5607352980471674
360,0,0,1,0.7539338355546144,0.918043214637925,0.16410937908331066
361,0,0,1,0.6244967618966708,0.8554237933288564,0.23092703143218557
362,1,0,0,0.1155661005365336,0.6092119268196389,0.49364582628310527
363,0,0,1,0.725411397132525,0.9042445514123124,0.1788331542797874
364,0,0,1,0.7150138686042282,0.8992144066393621,0.18420053803513395
365,0,0,1,0.42820637361041824,0.7604618927260983,0.3322555191156801
366,1,1,1,0.3654580775161561,0.376500735086966,0.7419588126031221
367,0,0,1,0.9974030852626367,1.0358294337822098,0.03842634851957314
368,0,0,1,0.32617290179897235,0.711099860825775,0.3849269590268027
369,0,0,1,1.011496377560102,1.0426475252537384,0.031151147693636413
370,0,0,1,0.8244473301226454,0.9521564257879152,0.12770909566526972
371,1,1,1,0.9688143296218147,0.08460739817555808,1.0534217277973728
372,0,0,1,0.9516290774822288,1.0136847591754532,0.06205568169322438
373,0,0,1,0.9987846153767894,1.0364977941972322,0.03771317882044279
374,0,0,1,1.041159305716225,1.056997937720398,0.01583863200417309
375,1,1,1,0.8804720558303469,0.12734586487303595,1.0078179207033828
376,0,0,1,0.793425674806993,0.9371486845819524,0.1437230097749595
377,0,0,1,1.000492478038295,1.0373240286640393,0.036831550625744156
378,1,1,1,1.1397767490903041,0.0018987315611838167,1.141675480651488
379,0,0,1,0.23866986256186712,0.6687674013150452,0.4300975387531781
380,0,1,0,0.029888835760988997,0.538843340138142,0.5687321758991309
381,0,0,1,0.4587048340525047,0.7752165212859797,0.31651168723347506
382,0,0,1,0.03701387909656095,0.5712097184097686,0.5341958393132077
383,0,0,1,0.009510515587643598,0.5579040660312805,0.5483935504436369
384,1,1,1,0.7666196824895722,0.18242567726205625,0.9490453597516285
385,1,0,0,0.04023403375277834,0.5727675736316111,0.5325335398788328
386,1,1,1,1.1231072583894393,0.009963143338319156,1.1330704017277584
387,1,1,1,0.8059232853457694,0.16341127283631562,0.969334558182085
388,0,0,1,0.9528110893966225,1.0142565961304153,0.06144550673379279
389,1,1,1,0.8342308132746357,0.14971657959656992,0.9839473928712056
390,0,1,0,0.13346732801264521,0.4887338540259572,0.6222011820386024
391,1,1,1,1.02176046745657,0.058992970886169976,1.08075343834274
392,1,0,0,0.015917978350204365,0.5610038858812817,0.5450859075310773
393,1,1,1,0.529453686739878,0.2971624909765052,0.8266161777163833
394,0,0,1,0.9156614345607703,0.9962842345657505,0.08062280000498022
395,0,0,1,0.7648234785251693,0.9233114358809403,0.15848795735577104
396,0,0,1,0.3794748427644731,0.736886419526339,0.35741157676186597
397,1,1,1,0.9776868804142368,0.08031501130017928,1.058001891714416
398,0,0,1,0.5715071969474859,0.829788356751342,0.2582811598038562
399,0,0,1,0.9499475801368307,1.012871279793342,0.06292369965651118
400,0,0,1,0.9890860490846922,1.0318057952855162,0.042719746200824
401,1,1,1,0.20844723039466329,0.4524598718948394,0.6609071022895027
402,0,0,1,1.0604370460664754,1.066324175642535,0.005887129576059727
403,0,0,1,0.6428034829385856,0.8642802688757362,0.22147678593715053
404,1,1,1,0.9184348173726636,0.10898013632329946,1.0274149536959631
405,0,0,1,1.0460759971117644,1.0593765481234543,0.013300551011689959
406,0,0,1,0.9168300329531043,0.9968495822903448,0.08001954933724059
407,1,1,1,1.065442975596811,0.03786012769242485,1.1033031032892358
408,1,1,1,1.0549025484408414,0.042959404354082326,1.0978619527949238
409,1,1,1,0.20448184603600722,0.45437825637920487,0.6588601024152121
410,0,0,1,0.7083949257175903,0.8960122763568563,0.18761735063926596
411,1,1,1,1.0413015111758706,0.04953935134041705,1.0908408625162875
412,0,0,1,0.2017164987967851,0.6508900019811571,0.449173503184372
413,0,0,1,0.5876269744190178,0.8375868267597556,0.2499598523407378
414,1,1,1,0.8326239960183998,0.15049393004100917,0.983117926059409
415,0,0,1,0.9364668407086443,1.0063495308233197,0.06988269011467539
416,0,0,1,0.21542498746368238,0.6575219321004329,0.4420969446367505
417,1,1,1,0.9331483616629596,0.10186197764722729,1.0350103393101868
418,0,0,1,0.827496255121815,0.9536314430582167,0.1261351879364016
419,0,0,1,0.7290305270693218,0.9059954239859881,0.17696489691666634
420,1,1,1,1.132291532179639,0.005519950258984147,1.1378114824386232
421,0,0,1,0.919950963929288,0.9983594348090338,0.07840847087974578
422,0,0,1,0.6375934926410478,0.8617597655281417,0.22416627288709387
423,1,1,1,0.9907538933303335,0.0739934160730928,1.0647473094034263
424,0,0,1,0.5793815656579004,0.8335978403705674,0.25421627471266695
425,0,0,1,0.8244107462462695,0.9521387271402004,0.1277279808939309
426,0,1,0,0.04219055279566053,0.5328919818444993,0.5750825346401598
427,0,0,1,0.9135724986171941,0.9952736434248837,0.0817011448076895
428,1,1,1,0.6602025795332124,0.23390843422027396,0.8941110137534863
429,1,1,1,0.02974505634403357,0.5389128981374961,0.5686579544815297
430,1,1,1,1.1252662950882297,0.008918638662475074,1.1341849337507048
431,1,1,1,0.9339687980325865,0.10146506469767527,1.0354338627302617
432,0,0,1,0.30120000989137247,0.6990184069155888,0.39781839702421634
433,1,1,1,0.11601857650506686,0.49717525872626533,0.6131938352313322
434,0,0,1,0.41959389517476336,0.7562953243663814,0.336701429191618
435,1,1,1,0.46263383596569996,0.32948878103537016,0.7921226170010701
436,0,0,1,0.6927201363667804,0.8884290839178558,0.1957089475510754
437,1,0,0,0.04759721579146481,0.5763297539654646,0.5287325381739998
438,0,0,1,1.0123747517720938,1.043072467531042,0.030697715758948224
439,1,1,1,0.17977729104580326,0.46632989352199733,0.6461071845678006
440,0,0,1,0.5353314169413134,0.812287139013856,0.2769557220725426
441,0,0,1,0.7898416841433802,0.9354148117819104,0.1455731276385303
442,0,0,1,1.0359792358823465,1.0544919093765,0.018512673494153437
443,1,1,1,1.086529363993719,0.027658897074355992,1.1141882610680751
444,0,0,1,0.9804478880418418,1.027626802123887,0.04717891408204521
445,0,0,1,0.7671613043055567,0.9244424356273974,0.15728113132184068
446,0,0,1,1.0015693491660977,1.037845000321863,0.036275651155765476
447,1,1,1,0.47865494025316085,0.32173804740966855,0.8003929876628294
448,0,0,1,0.7846433226311433,0.9328999342398561,0.14825661160871273
449,1,0,0,0.11398044262754381,0.6084448129020492,0.4944643702745054
450,1,1,1,1.0795485956489375,0.03103607226604855,1.110584667914986
451,1,0,0,0.015472625132245121,0.5607884316841292,0.545315806551884
452,1,1,1,0.6180370649458564,0.25430738212631915,0.8723444470721755
453,0,0,1,1.0496648297304385,1.0611127633777513,0.011447933647312851
454,0,0,1,0.45244184074788585,0.7721865932652474,0.31974475251736156
455,0,0,1,0.010431168413851832,0.558349461972138,0.5479182935582861
456,1,1,1,0.8872032432574095,0.12408943261994416,1.0112926758773537
457,1,1,1,0.778367331389827,0.1767423675650209,0.955109698954848
458,0,0,1,0.9051957270923356,0.9912211059987741,0.08602537890643842
459,0,0,1,0.7998877787136125,0.9402749388739874,0.14038716016037486
460,1,1,1,0.7626586487342766,0.1843419569996358,0.9470006057339123
461,0,0,1,0.698342779604539,0.8911492216328526,0.1928064420283135
462,0,0,1,0.5851680088191387,0.8363972216602904,0.2512292128411518
463,0,0,1,0.7356144408256677,0.9091806077800896,0.1735661669544219
464,0,0,1,0.4913579509609691,0.7910135354408955,0.29965558447992635
465,0,0,1,0.22753423595823868,0.663380177437628,0.4358459414793893
466,1,1,1,0.35826894945593607,0.37997871111134235,0.7382476605672784
467,0,0,1,0.7920683885426363,0.9364920529228548,0.1444236643802185
468,1,1,1,0.14405923000846171,0.48360967472557254,0.6276689047340342
469,1,0,0,0.062322075048008685,0.5834533866268375,0.5211313115788289
470,1,0,0,0.2227912395163562,0.6610855976540451,0.43829435813768886
471,1,1,1,0.7348552863682436,0.19779274364526284,0.9326480300135065
472,1,1,1,0.030476706979574608,0.5385589381930751,0.5690356451726497
473,1,1,1,0.30972986729354535,0.40346108096091526,0.7131909482544606
474,0,0,1,0.8750844343412768,0.9766537824827766,0.10156934814149973
475,1,1,1,0.6122372311837583,0.2571132415575293,0.8693504727412875
476,0,0,1,0.64452429584158,0.8651127684457701,0.22058847260419015
477,1,1,1,0.7798177614669621,0.1760406745375697,0.9558584360045318
478,1,1,1,0.48043688815708624,0.32087597178177235,0.8013128599388586
479,0,0,1,0.23890863123135614,0.6688829134746421,0.429974282243286
480,1,1,1,1.132042645051096,0.005640357554360881,1.137683002605457
481,0,0,1,0.8331770232774003,0.9563797006048435,0.12320267732744315
482,0,0,1,0.8983943032168374,0.9879306945646675,0.08953639134783012
483,1,1,1,0.7531033788218684,0.1889646315970866,0.942068010418955
484,0,0,1,1.06669684693866,1.0693525592195778,0.002655712280917979
485,0,0,1,0.7052917898159626,0.8945110327879787,0.18921924297201612
486,0,0,1,0.5719895932167689,0.8300217317371207,0.25803213852035184
487,1,1,1,0.27044930422277114,0.422464339136285,0.6929136433590561
488,1,1,1,0.9489125459866181,0.09423553746390186,1.04314808345052
489,0,0,1,0.9243659784973655,1.0004953426251724,0.07612936412780696
490,1,1,1,0.8442831980647776,0.14485340940471098,0.9891366074694885
491,1,0,0,0.12261895214928237,0.6126239746517474,0.4900050225024651
492,1,1,1,1.1405410412658008,0.0015289802033377098,1.1420700214691386
493,1,1,1,0.826783001662428,0.1533197022568355,0.9801027039192636
494,1,1,1,0.4542291862771912,0.33355480543569516,0.7877839917128864
495,1,1,1,0.6143186290337443,0.2561062972161847,0.8704249262499291
496,0,0,1,0.16480036593886022,0.6330306143173038,0.46823024837844357
497,1,1,1,0.8067621790178752,0.1630054305625176,0.9697676095803928
498,0,0,1,0.3059140833153013,0.7012989942424853,0.39538491092718403
499,0,0,1,1.048624355422291,1.0606093998728305,0.011985044450539505
500,0,0,1,0.8008157889732156,0.9407238942140841,0.1399081052408685
501,0,1,0,0.19526299641178307,0.45883817665003696,0.65410117306182
502,1,1,1,0.23412116459713866,0.4400392658269468,0.6741604304240855
503,0,0,1,0.9281413401892105,1.0023217974243632,0.07418045723515276
504,0,0,1,0.6158545586638898,0.8512428446255333,0.23538828596164355
505,1,1,1,1.1338750529690091,0.00475387024296601,1.138628923211975
506,1,1,1,0.3106680675248221,0.4030071958884681,0.7136752634132902
507,1,0,0,0.22395072446252362,0.6616465364507413,0.4376958119882177
508,1,1,1,0.9976766562876398,0.07064430288631017,1.06832095917395
509,1,1,1,1.0828159773821873,0.02945536939978463,1.1122713467819718
510,1,1,1,0.801944831169925,0.1653359802725667,0.9672808114424917
511,0,0,1,0.66996919057837,0.8774225691748765,0.20745337859650653
512,0,0,1,0.9382090062099695,1.0071923604117412,0.06898335420177167
513,1,1,1,1.1034611645527312,0.019467584317024982,1.1229287488697561
514,0,0,1,1.0243434321754474,1.0488627084528337,0.024519276277386346
515,1,1,1,1.1331183659917394,0.005119942337225039,1.1382383083289644
516,0,0,1,1.0306481649168797,1.051912829292402,0.02126466437552226
517,0,0,1,0.7849715965660644,0.9330587475014254,0.14808715093536098
518,0,0,1,0.9202703976682749,0.9985139713364495,0.07824357366817464
519,1,1,1,1.076081931151616,0.03271318469265228,1.1087951158442684
520,0,0,1,1.0362571001999161,1.054626335335593,0.018369235135676697
521,0,0,1,1.067284700904784,1.0696369528182017,0.0023522519134178722
522,0,0,1,0.6974835228671392,0.8907335280596644,0.1932500051925252
523,1,1,1,1.035215032267699,0.05248388474393585,1.087698917011635
524,1,1,1,1.1153318063726696,0.013724772769105293,1.1290565791417748
525,1,1,1,1.1199408877690813,0.01149497877227556,1.1314358665413569
526,1,1,1,0.7306318351545787,0.19983597641816753,0.9304678115727463
527,0,0,1,0.49280588222443394,0.7917140195854389,0.2989081373610049
528,0,0,1,0.7885716821207859,0.9348004067318831,0.14622872461109723
529,0,1,0,0.7645555686522981,0.1834242598964854,0.9479798285487835
530,0,0,1,0.7336706618219078,0.9082402410603518,0.1745695792384441
531,0,0,1,0.03874853312270643,0.5720489140761952,0.5333003809534888
532,1,1,1,0.9831209378744847,0.07768610812812377,1.0608070460026084
533,0,0,1,0.9818845038977199,1.0283218120696176,0.04643730817189768
534,0,0,1,1.0015200180226116,1.0378211347664212,0.036301116743809675
535,0,0,1,0.5753416869593126,0.8316434168108002,0.2563017298514876
536,1,1,1,0.9018942427351524,0.11698218073491495,1.0188764234700673
537,1,1,1,0.4860983779140379,0.31813704079153377,0.8042354187055717
538,1,1,1,0.3245454635152565,0.3962935513225052,0.7208390148377617
539,0,0,1,0.9202593918790316,0.9985086469256451,0.07824925504661354
540,1,1,1,0.20420248660800544,0.45451340564690956,0.658715892254915
541,1,1,1,0.25616799305332166,0.42937339089164955,0.6855413839449712
542,0,0,1,0.8991722078473207,0.9883070313931965,0.0891348235458759
543,0,0,1,1.0382258118912076,1.0555787640590577,0.017352952167850166
544,0,0,1,0.27115715717404376,0.6844841935061894,0.4133270363321456
545,1,0,0,0.005597188950897003,0.5560108661739196,0.5504136772230226
546,1,1,1,0.39866606829784906,0.36043528253291807,0.7591013508307671
547,0,0,1,0.9974234562012003,1.0358392888905519,0.038415832689351545
548,0,0,1,0.5575444270836044,0.8230334097795143,0.2654889826959099
549,0,0,1,0.4174282849167909,0.7552476395161074,0.3378193545993165
550,0,0,1,0.8919655919618282,0.9848205950609071,0.09285500309907886
551,1,1,1,0.9768900707522413,0.08070049405653,1.0575905648087713
552,1,1,1,0.5012357257767588,0.31081385326473143,0.8120495790414902
553,1,1,1,0.9003802323972835,0.11771463279469993,1.0180948651919834
554,1,1,1,1.1198131978367387,0.01155675295678317,1.131369950793522
555,1,1,1,0.4020264926430807,0.35880956725749863,0.7608360599005793
556,1,1,1,0.9244815577643939,0.10605482772788927,1.030536385492283
557,1,1,1,0.9210253821685576,0.10772686580506131,1.0287522479736189
558,1,1,1,0.4041692057667558,0.35777295964544414,0.7619421654122
559,0,0,1,0.8932413926385959,0.985437805399701,0.0921964127611051
560,1,1,1,0.2581159071021987,0.428431023708482,0.6865469308106807
561,0,0,1,0.33355343856095676,0.7146704370751046,0.3811169985141478
562,0,0,1,0.9945830274027618,1.0344651384821621,0.03988211107940036
563,1,1,1,0.9555976261995206,0.09100141108491008,1.0465990372844307
564,1,1,1,0.1808114064271154,0.465829606356083,0.6466410127831984
565,1,1,1,0.25923166299671474,0.4278912402719265,0.6871229032686412
566,0,0,1,0.5871913973268246,0.8373761020834491,0.2501847047566246
567,0,0,1,0.4747549266708097,0.7829812789656164,0.3082263522948067
568,1,1,1,0.3510892854726269,0.38345210857872086,0.7345413940513478
569,0,1,0,0.4079099257462933,0.35596326390852623,0.7638731896548195
570,1,1,1,0.06587834557933214,0.5214322367012915,0.5873105822806236
571,0,0,1,0.8505274504562141,0.9647735376926134,0.11424608723639923
572,0,0,1,0.5711447265823193,0.829612999847273,0.25846827326495375
573,0,0,1,0.9854228386178703,1.0300335973125312,0.044610758694660954
574,1,1,1,0.2763871271756513,0.4195917229171664,0.6959788500928177
575,1,1,1,1.0490984837779957,0.04576731062202131,1.094865794400017
576,1,0,0,0.09205890071728706,0.5978395494344095,0.5057806487171225
577,0,0,1,0.9648334108206893,1.0200727876518347,0.05523937683114549
578,0,0,1,0.8848180047642301,0.9813627157886015,0.09654471102437134
579,1,1,1,0.9537983484317938,0.09187187060168717,1.045670219033481
580,1,0,0,0.13875043173957818,0.6204281059431642,0.48167767420358604
581,0,0,1,0.20390617347372236,0.6519493287818177,0.4480431553080953
582,1,1,1,1.1327928346903313,0.005277428760056528,1.1380702634503879
583,0,0,1,1.0279378842618518,1.05060164230859,0.022663758046738255
584,0,0,1,1.0687778437729967,1.0703593095564754,0.0015814657834787647
585,0,0,1,0.6936239792961099,0.8888663475208516,0.19524236822474178
586,1,0,0,0.11483247178176376,0.6088570098952901,0.49402453811352637
587,0,0,1,0.5387535779271896,0.8139427214100429,0.2751891434828533
588,1,1,1,1.0716341121422819,0.03486496273105269,1.1064990748733345
589,1,1,1,0.9822521745042365,0.07810640084613762,1.0603585753503741
590,0,0,1,0.9733566773725121,1.0241961968425317,0.050839519470019655
591,0,0,1,1.0620309626946587,1.0670952849858713,0.005064322291212662
592,1,1,1,0.9880320664458226,0.07531018892336559,1.0633422553691882
593,1,0,0,0.02586878864958675,0.5658179160883483,0.5399491274387616
594,1,1,1,0.9104548380194339,0.11284071254799136,1.0232955505674253
595,1,1,1,0.8891247809974331,0.12315982583957306,1.0122846068370062
596,0,0,1,0.2715027303955315,0.6846513758639013,0.4131486454683698
597,1,0,0,0.08536919241474783,0.5946031840655625,0.5092339916508146
598,1,1,1,0.5314172467548492,0.2962125545450926,0.8276298012999418
599,0,0,1,0.9858789901241904,1.030254275535144,0.04437528541095357
600,1,1,1,0.9445204786517768,0.09636034380481959,1.0408808224565964
601,1,1,1,0.1410414081407026,0.4850696448379402,0.6261110529786428
602,1,1,1,0.5756394440380359,0.27481861906253874,0.8504580631005746
603,0,0,1,0.9534463547431323,1.0145639265362407,0.06111757179310835
604,1,0,0,0.2276671226878026,0.6634444657429008,0.43577734305509824
605,0,0,1,0.3228539199111176,0.7094941946956679,0.38664027478455026
606,1,1,1,0.6532726933178641,0.2372609935163035,0.8905336868341676
607,0,0,1,0.4565322700321092,0.7741654723255128,0.3176332022934036
608,0,0,1,0.8669057488730363,0.9726970756706037,0.10579132679756738
609,1,0,0,0.6236439877887867,0.8550112359398955,0.23136724815110882
610,0,0,1,0.5720660816514397,0.8300587355211261,0.2579926538696864
611,0,0,1,0.46051130273099383,0.7760904596412217,0.31557915691022786
612,1,1,1,0.6375352667900719,0.24487448874000253,0.8824097555300744
613,0,0,1,0.8992935895546137,0.9883657537673464,0.08907216421273263
614,1,1,1,0.9611138308357698,0.08833276652750022,1.04944659736327
615,1,1,1,0.7624954171922833,0.1844209256012129,0.9469163427934962
616,1,1,1,1.1161918187190463,0.013308713645340819,1.1295005323643872
617,1,1,1,0.3430775535995751,0.3873280461242475,0.7304055997238226
618,1,1,1,0.769224226636706,0.18116564377506292,0.9503898704117689
619,0,0,1,0.7134198873471237,0.8984432660296697,0.18502337868254604
620,0,0,1,0.6614175261581153,0.8732854215857643,0.21186789542764894
621,1,1,1,1.0365470828001075,0.051839461696221695,1.0883865444963292
622,1,1,1,0.7489070291923545,0.19099475309152883,0.9399017822838833
623,0,0,1,0.672900209614407,0.8788405455760391,0.20594033596163205
624,1,1,1,0.3317029510802023,0.39283088242342157,0.7245338335036239
625,1,0,0,0.4413492302682992,0.7668201798459032,0.32547094957760403
626,0,0,1,0.7396965543993202,0.9111554638431641,0.17145890944384387
627,0,0,1,0.2431454465106312,0.6709326115517381,0.4277871650411069
628,0,0,1,0.330372639558595,0.7131316214390626,0.3827589818804676
629,1,1,1,0.21883944117516108,0.4474322997564554,0.6662717409316165
630,0,1,0,0.05901355840776612,0.5247533022039725,0.5837668606117387
631,1,1,1,0.6255171630506142,0.25068863981843287,0.876205802869047
632,1,1,1,0.4177182124870807,0.3512181841382233,0.768936396625304
633,0,0,1,0.8087228991249668,0.9445492175772976,0.13582631845233084
634,1,1,1,0.613253506226842,0.25662158523920947,0.8698750914660515
635,0,0,1,0.9702534452810071,1.0226949067386524,0.05244146145764526
636,1,1,1,1.14029396689339,0.0016485105185977112,1.1419424774119877
637,0,0,1,0.9689107330672503,1.022045325753592,0.053134592686341714
638,1,1,1,0.09559848354430145,0.5070541471169258,0.6026526306612272
639,1,1,1,0.00443484638402758,0.5511575406971306,0.5555923870811582
640,0,0,1,0.49380781926701,0.7921987394266803,0.2983909201596703
641,0,0,1,0.4926096169727516,0.791619069845491,0.29900945287273945
642,1,1,1,0.9906854683583166,0.07402651889309403,1.0647119872514106
643,1,1,1,1.036505306741663,0.051859672231970466,1.0883649789736334
644,0,0,1,0.7733656148430695,0.9274439739386505,0.15407835909558099
645,0,0,1,0.8823726352244023,0.9801796882282326,0.09780705300383033
646,0,0,1,0.9073226906811619,0.9922500942578082,0.08492740357664627
647,1,1,1,0.6983859936606469,0.2154359577597577,0.9138219514204047
648,1,1,1,0.1885778588537918,0.46207233077159254,0.6506501896253843
649,1,1,1,0.5718088983433292,0.2766717709294788,0.848480669272808
650,0,0,1,0.9756730231302644,1.025316804924923,0.049643781794658635
651,1,1,1,0.5631736300036125,0.2808493646512787,0.8440229946548912
652,0,0,1,1.016917228863045,1.045270039514914,0.02835281065186897
653,0,0,1,0.7988798268210614,0.9397873091521836,0.14090748233112216
654,1,1,1,0.3436962597127856,0.3870287267895721,0.7307249865023577
655,0,0,1,1.071522063316827,1.071686915588684,0.0001648522718569777
656,0,0,1,0.5392881317955895,0.8142013293416945,0.27491319754610505
657,1,1,1,0.3904832270812501,0.3643939998243915,0.7548772269056416
658,0,0,1,0.8125910909570621,0.9464205819954888,0.13382949103842678
659,1,1,1,0.7679873900712534,0.18176400394957684,0.9497513940208302
660,0,0,1,0.2733444072161321,0.685542347310375,0.4121979400942429
661,0,0,1,0.7013371147487345,0.892597829273894,0.19126071452515947
662,0,0,1,0.6258010678476587,0.8560547940271314,0.23025372617947273
663,1,1,1,0.8671224170675421,0.13380418960479756,1.0009266066723397
664,1,0,0,0.02158608836647935,0.5637460196386721,0.5421599312721928
665,0,0,1,0.6416660865755163,0.8637300161541499,0.22206392957863366
666,1,1,1,1.1070570912037534,0.01772793709236721,1.1247850282961207
667,1,1,1,1.1390189345835995,0.002265349134715085,1.1412842837183146
668,0,0,1,0.8247874156985495,0.9523209533174463,0.12753353761889674
669,0,0,1,0.927091003908808,1.0018136628675474,0.07472265895873936
670,0,0,1,0.7864872465203416,0.9337919927793182,0.14730474625897663
671,1,1,1,0.43600776827919496,0.3423700128428131,0.7783777811220081
672,1,1,1,0.8630724352108695,0.13576350089799985,0.9988359361088693
673,0,0,1,0.9491452503007012,1.0124831264720593,0.06333787617135811
674,0,0,1,0.4054720187617183,0.7494634043932833,0.343991385631565
675,0,0,1,0.622916239821997,0.8546591640392308,0.23174292421723386
676,0,0,1,0.9933100016619036,1.0338492706094478,0.04053926894754417
677,0,0,1,0.8785509647040328,0.9783308300173936,0.09977986531336078
678,1,1,1,0.6174680042379661,0.25458268387110355,0.8720506881090696
679,1,1,1,0.9766771921228903,0.08080348106173879,1.0574806731846291
680,1,0,0,0.036231515769765466,0.5708312245409499,0.5345997087711845
681,1,1,1,0.16367436681120218,0.4741202102253803,0.6377945770365825
682,1,1,1,0.9328410339267573,0.10201065749952425,1.0348516914262815
683,0,0,1,0.3822191861965597,0.7382140854935467,0.355994899296987
684,0,0,1,0.9229923619560467,0.9998308106600474,0.07683844870400074
685,1,1,1,0.37160986701762416,0.3735246055460963,0.7451344725637205
686,1,1,1,0.13973497470510787,0.4857016747765338,0.6254366494816417
687,0,0,1,0.8881470715094103,0.9829732607985524,0.09482618928914208
688,0,0,1,0.7228146458911254,0.9029882879985569,0.1801736421074315
689,0,0,1,0.852316677059872,0.9656391346297625,0.1133224575698904
690,0,0,1,1.046811727006517,1.0597324815430473,0.012920754536530512
691,0,0,1,1.0483519525659082,1.0604776160743594,0.012125663508451194
692,1,1,1,0.9633388326097908,0.08725634908724636,1.0505951816970371
693,1,1,1,0.9483987803453306,0.09448408841021666,1.0428828687555474
694,1,1,1,0.8715984620585313,0.1316387563238366,1.003237218382368
695,0,0,1,0.9310871009364192,1.0037469056108528,0.07265980467443352
696,0,0,1,0.821632814937637,0.9507948119382652,0.12916199700062828
697,0,0,1,0.8777573978093587,0.9779469160558817,0.10018951824652302
698,1,1,1,0.5178929121626754,0.30275539410271546,0.8206483062653909
699,1,1,1,0.026018608016138423,0.5407156894957711,0.5667342975119095
700,1,1,1,0.3874542600539041,0.36585936177252926,0.7533136218264334
701,1,1,1,0.8489962969244471,0.14257329355517573,0.9915695904796228
702,1,0,0,0.2653239680974704,0.681662197349766,0.4163382292522956
703,1,1,1,0.7793874197299447,0.17624886643943835,0.9556362861693831
704,1,1,1,0.9110359328513948,0.112559588901769,1.0235955217531638
705,0,0,1,0.19176211263840975,0.6460742418352523,0.45431212919684255
706,0,0,1,1.056982191991841,1.0646527768945024,0.007670584902661438
707,0,0,1,0.8294598422215385,0.9545813925927648,0.12512155037122633
708,0,0,1,0.291703455660793,0.6944241379511916,0.40272068229039865
709,1,1,1,0.5887594003092321,0.26847141075440206,0.8572308110636342
710,0,0,1,0.8689837586367138,0.9737023809142926,0.10471862227757874
711,0,0,1,0.9258712445176596,1.0012235643350986,0.07535231981743902
712,0,0,1,0.1441819789615847,0.6230557947053016,0.4788738157437169
713,1,1,1,0.7544219440281945,0.18832673251728657,0.9427486765454811
714,1,1,1,1.094245982743418,0.02392573016233343,1.1181717129057516
715,1,1,1,0.29950132537225105,0.4084094729312068,0.7079107983034578
716,0,0,1,0.5452328737952075,0.8170772928761572,0.27184441908094964
717,0,0,1,0.34435455303336504,0.7198958297592948,0.37554127672592974
718,1,1,1,0.7770865082540506,0.17736200768276295,0.9544485159368135
719,0,0,1,0.9795419483362876,1.0271885241367578,0.04764657580047014
720,0,0,1,1.0294826154887555,1.0513489566040475,0.02186634111529195
721,1,1,1,1.0558378425365442,0.04250692521984713,1.0983447677563913
722,0,0,1,0.8912879658697589,0.9844927712578022,0.09320480538804336
723,1,0,0,0.17952904231849598,0.6401560936369202,0.4606270513184242
724,0,1,0,0.1410910544790564,0.4850456267966637,0.6261366812757201
725,1,1,1,0.7642430444015418,0.18357545373279793,0.9478184981343397
726,1,1,1,0.7064241801416138,0.21154722193170056,0.9179714020733143
727,1,1,1,1.077348911704835,0.03210024137733851,1.1094491530821735
728,0,1,0,0.15590524939004863,0.4778787750881837,0.6337840244782323
729,0,0,1,0.6405174514826367,0.8631743263291352,0.22265687484649846
730,0,0,1,0.8319996420866721,0.9558101039140343,0.12381046182736224
731,1,1,1,0.9978075267540364,0.07058099001434386,1.0683885167683802
732,1,0,0,0.042004913781062414,0.5736242948123756,0.5316193810313132
733,1,1,1,0.5533367203750896,0.2856082916804507,0.8389450120555403
734,1,1,1,1.0940659139402233,0.024012844340159115,1.1180787582803824
735,0,0,1,0.31589038780720136,0.7061253580996962,0.3902349702924949
736,0,0,1,1.070267366980053,1.0710799151651806,0.0008125481851274761
737,1,1,1,0.31569584528221617,0.40057484382162034,0.7162706891038365
738,0,0,1,0.7656853096209814,0.9237283748842782,0.1580430652632968
739,1,1,1,0.9811323490870343,0.07864815304750225,1.0597805021345366
740,0,0,1,0.7959017507435648,0.9383465673668737,0.14244481662330893
741,0,1,0,0.6770196216831068,0.22577263959979682,0.9027922612829036
742,0,0,1,0.5047597477780157,0.7974970933387117,0.292737345560696
743,0,0,1,0.910168299654646,0.9936267507454414,0.0834584510907954
744,1,1,1,0.8299306377100546,0.15179693028568597,0.9817275679957406
745,0,0,1,0.9841201683211133,1.029403387915531,0.045283219594417806
746,0,0,1,0.645415743214743,0.8655440352927206,0.22012829207797757
747,1,1,1,0.2359818327829824,0.43913910668588313,0.6751209394688655
748,0,0,1,0.2558467001568642,0.677077258759451,0.4212305586025868
749,1,1,1,1.0726291469945626,0.0343835820502994,1.107012729044862
750,0,0,1,0.8085663931128083,0.9444735026709281,0.1359071095581198
751,1,1,1,0.7889544536084544,0.17162050063831027,0.9605749542467646
752,1,1,1,1.0184289572501952,0.0606046980004568,1.079033655250652
753,0,0,1,0.4347892093567175,0.7636465549975526,0.32885734564083513
754,1,1,1,1.1417116852713378,0.0009626428463964146,1.1426743281177343
755,0,0,1,1.0044042815641938,1.0392164916666708,0.034812210102476975
756,1,1,1,0.9774033237035715,0.08045219114076407,1.0578555148443356
757,0,0,1,0.25139066098849644,0.6749215039500436,0.42353084296154714
758,0,0,1,0.8185993488836021,0.9493272734386978,0.1307279245550958
759,1,0,0,0.021163577371730247,0.5635416161147032,0.542378038742973
760,0,0,1,0.7401170180225651,0.9113588768841503,0.17124185886158516
761,0,0,1,0.8027281578044808,0.9416490652347129,0.1389209074302321
762,1,1,1,0.867542526163751,0.13360094807786999,1.001143474241621
763,0,0,1,0.9017991516632076,0.9895779014531686,0.08777874978996103
764,1,1,1,1.065579262978792,0.03779419421023008,1.103373457189022
765,0,0,1,1.0312889369777378,1.0522228237515474,0.020933886773809553
766,1,1,1,1.1433477456321062,0.00017114509291078637,1.143518890725017
767,0,0,1,0.9661971362492799,1.020732534467407,0.05453539821812706
768,0,0,1,0.49743466340830406,0.7939533439992944,0.29651868059099035
769,1,1,1,0.5784646042235686,0.2734518553454371,0.8519164595690057
770,0,0,1,1.0079008702418997,1.0409080808950584,0.0330072106531587
771,1,1,1,0.843920337563071,0.14502895505010174,0.9889492926131728
772,1,1,1,0.8285840279142531,0.152448396853642,0.9810324247678951
773,0,0,1,0.8822296783798271,0.9801105281751931,0.09788084979536595
774,0,0,1,0.26785282995065846,0.6828856170497176,0.41503278709905916
775,1,1,1,1.0305379259863274,0.05474658800555681,1.0852845139918843
776,1,1,1,0.35275153142854554,0.3826479426864353,0.7353994741149809
777,1,1,1,0.1479638124810736,0.4817207051438388,0.6296845176249124
778,1,1,1,1.1426628914062327,0.0005024657423454654,1.143165357148578
779,1,1,1,0.9949424740582891,0.07196705303908275,1.0669095270973719
780,1,1,1,0.8957730257452945,0.11994351982254822,1.0157165455678427
781,0,0,1,0.13752999279456768,0.6198376786542905,0.48230768585972283
782,1,1,1,0.2286500444460045,0.44268609928890973,0.6713361437349142
783,1,1,1,0.7920303180028587,0.1701324505537436,0.9621627685566023
784,1,1,1,0.07726299485145682,0.5159245399566085,0.5931875348080653
785,1,1,1,0.9524394019789839,0.09252930543129281,1.0449687074102767
786,1,1,1,0.8480890204071269,0.14301221826875532,0.9911012386758822
787,0,0,1,0.9656760192603734,1.0204804270660461,0.054804407805672715
788,1,1,1,0.2815064036570777,0.4171151053474955,0.6986215090045732
789,0,1,0,0.09690869965321536,0.506420287186294,0.6033289868395093
790,0,0,1,0.7330838904946391,0.9079563712237128,0.17487248072907374
791,0,0,1,0.9688659950135841,1.0220236822556983,0.053157687242114275
792,1,1,1,0.7534902608089059,0.18877746477185997,0.9422677255807659
793,1,1,1,1.0581861219685516,0.04137086817723438,1.099556990145786
794,1,0,0,0.39410266391633053,0.7439631068281742,0.3498604429118437
795,0,0,1,0.8189808069956938,0.9495118162868772,0.13053100929118341
796,1,1,1,0.9097997803130775,0.1131576181557656,1.0229573984688431
797,0,0,1,0.9814095187671431,1.0280920224647805,0.04668250369763735
798,1,1,1,0.6568444312988474,0.23553304835255662,0.892377479651404
799,1,0,0,0.20731743658084817,0.6535996389724334,0.4462822023915853
800,1,0,0,0.2221526692957559,0.6607766684071983,0.4386239991114424
801,0,0,1,0.2732224100837035,0.6854833272041708,0.4122609171204673
802,1,1,1,1.089286426275131,0.026325077947454843,1.1156115042225858
803,0,0,1,0.48008222248808313,0.785558532698202,0.30547631021011884
804,1,1,1,1.1275766499781847,0.0078009288584828035,1.1353775788366676
805,0,0,1,0.8851510206034877,0.9815238231016127,0.096372802498125
806,0,0,1,0.7284365159210913,0.9057080516489742,0.17727153572788285
807,0,0,1,0.8233295570491491,0.9516156664749986,0.1282861094258495
808,0,1,0,0.025725067313506655,0.5408576994192806,0.5665827667327873
809,0,0,1,0.7327324263167325,0.9077863389230016,0.17505391260626915
810,0,0,1,0.9811461465857043,1.027964607550919,0.04681846096521467
811,0,0,1,0.606533983417666,0.8467337112552245,0.24019972783755844
812,1,1,1,1.0858931886908547,0.027966667701353958,1.1138598563922086
813,0,0,1,0.3756991738812043,0.7350598161132416,0.3593606422320373
814,0,0,1,1.0316420118201437,1.0523936352639327,0.02075162344378909
815,1,1,1,0.7296003934401294,0.20033497011021845,0.9299353635503479
816,0,0,1,0.7120479521178971,0.8977795474543045,0.18573159533640746
817,1,1,1,0.5903130140648807,0.26771979924490824,0.8580328133097889
818,0,0,1,0.9282118387740131,1.002355903422426,0.07414406464841297
819,0,0,1,0.965625587431152,1.0204560290178506,0.05483044158669861
820,0,0,1,0.9485165424191494,1.0121789684545561,0.06366242603540671
821,0,0,1,0.38311313514464185,0.7386465625592497,0.3555334274146078
822,1,1,1,1.0637659547646807,0.03867144141471095,1.1024373961793916
823,0,1,0,0.6248750151455685,0.2509992998872401,0.8758743150328087
824,0,0,1,0.6422133207131873,0.863994758581131,0.2217814378679437
825,1,1,1,0.8304207894116953,0.1515598033556419,0.9819805927673372
826,1,1,1,1.0136901791213966,0.06289723703700525,1.076587416158402
827,1,1,1,1.12903179247117,0.007096956045610293,1.1361287485167801
828,0,0,1,0.7065399435238819,0.8951148680006105,0.18857492447672855
829,1,1,1,0.675526429547399,0.2264950201728339,0.9020214497202329
830,1,1,1,0.7867096083581936,0.1727065180097415,0.959416126367935
831,0,0,1,0.6588376829318126,0.8720373379777703,0.21319965504595773
832,0,0,1,1.0397362826018766,1.0563095037083203,0.016573221106443825
833,0,0,1,1.0346159731224,1.0538323863920291,0.019216413269628974
834,0,0,1,0.8986663326688592,0.9880622977165562,0.08939596504769695
835,1,1,1,0.6299899650092019,0.24852477546055193,0.8785147404697539
836,0,0,1,0.3037493072811826,0.7002517129753077,0.39650240569412515
837,0,0,1,0.9902359952138914,1.0323621193672654,0.042126124153373995
838,1,1,1,1.0505540344126272,0.045063140357267537,1.0956171747698946
839,1,1,1,0.6017664319474234,0.26217883343389886,0.8639452653813222
840,1,1,1,0.8806319128359364,0.12726852881390446,1.007900441649841
841,1,1,1,1.1231052356370277,0.009964121911010045,1.1330693575480377
842,1,1,1,0.9754605839254038,0.08139205510110405,1.0568526390265078
843,0,0,1,0.22660855642789185,0.6629323496641019,0.43632379323621
844,0,0,1,0.6799306697697243,0.8822417608076646,0.20231109103794034
845,1,1,1,0.5849928813856873,0.27029358757497296,0.8552864689606603
846,0,0,1,0.9724239003072319,1.0237449354041546,0.05132103509692266
847,0,0,1,0.5532839083722483,0.8209722443912532,0.2676883360190049
848,1,1,1,1.0667343925606962,0.037235362463562266,1.1039697550242584
849,0,0,1,0.9285432385872526,1.002516228929953,0.0739729903427003
850,0,0,1,0.81482702940529,0.9475022904098859,0.13267526100459595
851,1,1,1,0.691115168817001,0.21895345727733712,0.9100686260943381
852,0,0,1,0.5938326063187911,0.840589004323255,0.24675639800446392
853,0,0,1,0.10147747750143388,0.602396094256621,0.5009186167551871
854,0,1,0,0.23288482192574245,0.4406373870640441,0.6735222089897865
855,0,1,0,0.254851918702941,0.4300100849383516,0.6848620036412926
856,0,0,1,1.041172449689537,1.0570042965477358,0.01583184685819886
857,1,1,1,0.7767104806362881,0.1775439233515514,0.9542544039878396
858,0,0,1,0.8763205667253618,0.9772518019865036,0.10093123526114174
859,0,0,1,1.0023996750844477,1.0382466976643294,0.03584702257988161
860,1,0,0,0.042925440506541124,0.5740696297478775,0.5311441892413363
861,1,1,1,0.6966499821208421,0.2162758101678531,0.9129257922886952
862,1,1,1,1.0503930824159733,0.04514100615416932,1.0955340885701426
863,0,1,0,0.2037234491625231,0.45474515569172863,0.6584686048542517
864,0,0,1,0.5302598464996566,0.8098336008025088,0.27957375430285214
865,1,1,1,0.44276383042551704,0.3391015466300432,0.7818653770555603
866,0,0,1,0.852397380334847,0.9656781774807314,0.11328079714588435
867,0,1,0,0.19288283215489904,0.4599896590203853,0.6528724911752843
868,0,0,1,0.08005635722473714,0.5920329261347621,0.511976568910025
869,1,1,1,0.9359041472757285,0.1005287761505721,1.0364329234263006
870,1,1,1,1.002262217193697,0.06842588769659706,1.070688104890294
871,1,1,1,1.1087760654026395,0.01689632705563283,1.1256723924582723
872,0,0,1,0.08864429238247906,0.5961876208804016,0.5075433284979225
873,0,0,1,1.0370209033162914,1.0549958500950802,0.017974946778788928
874,0,0,1,0.6657336063324417,0.875373466650458,0.2096398603180163
875,1,1,1,0.313734846495373,0.40152354117508815,0.7152583876704611
876,1,0,0,0.05035990423200032,0.5776662949310056,0.5273063906990053
877,1,1,1,1.0400825236870908,0.05012907643982781,1.0902116001269186
878,0,0,1,0.2597448817656293,0.6789631317137763,0.419218249948147
879,1,1,1,1.011701328333622,0.06385940870761683,1.0755607370412388
880,1,1,1,0.26725850508050664,0.42400799266734435,0.691266497747851
881,1,1,1,0.22370798312864365,0.44507698322209327,0.6687849663507369
882,1,1,1,0.8409107154012172,0.14648495828633273,0.9873956736875499
883,0,0,1,0.950344800837297,1.013063448309612,0.06271864747231494
884,1,1,1,0.9789238767333155,0.07971657383961946,1.058640450572935
885,1,1,1,1.1322708251946876,0.005529967940766296,1.137800793135454
886,1,0,0,0.28716976052574333,0.6922308145259511,0.4050610540002078
887,0,0,1,0.8740427797570088,0.976149847980648,0.10210706822363912
888,0,0,1,0.9946311939625527,1.0344884406321206,0.039857246669567886
889,0,0,1,0.3834823562646681,0.7388251853619578,0.35534282909728976
890,1,1,1,1.1107334478910984,0.015949379204882527,1.126682827095981
891,0,0,1,0.40299086366963977,0.7482630644006272,0.3452722007309874
892,0,0,1,1.0256702377149391,1.0495045940635375,0.023834356348598387
893,0,0,1,0.15565446615131612,0.6286059859178684,0.4729515197665523
894,1,1,1,0.8410040579362372,0.14643980077958996,0.9874438587158272
895,0,0,1,0.38089390344663887,0.7375729365821441,0.3566790331355052
896,0,0,1,0.38163171766380477,0.7379298783609317,0.35629816069712694
897,0,0,1,1.035605752609106,1.0543112246176591,0.01870547200855315
898,0,0,1,1.0275609636891667,1.0504192946436282,0.022858330954461513
899,1,1,1,1.1395966349997078,0.0019858676482723664,1.1415825026479802
900,0,0,1,0.8992613579905935,0.9883501606932,0.08908880270260656
901,1,1,1,0.9832730216281486,0.07761253263405694,1.0608855542622055
902,0,0,1,0.6423103527882379,0.8640417010236351,0.22173134823539722
903,1,1,1,1.0430541415217227,0.04869145904090467,1.0917456005626274
904,1,1,1,0.7363853874927708,0.19705250714072442,0.9334378946334952
905,1,1,1,1.122312815390004,0.010347481144187258,1.1326602965341912
906,0,0,1,0.6967806573355017,0.8903934938514936,0.1936128365159919
907,1,1,1,0.8386587693599892,0.1475744108978279,0.9862331802578171
908,1,1,1,0.11315456496305365,0.4985608180588048,0.6117153830218585
909,1,1,1,0.7573848135520611,0.1868933474000589,0.94427816095212
910,0,0,1,0.7507183358496516,0.9164876114011248,0.16576927555147308
911,1,0,0,0.11039216497166016,0.606708866129168,0.4963167011575078
912,1,0,0,0.06930230308018326,0.5868303004246201,0.5175279973444369
913,0,0,1,0.8511238907223151,0.9650620851949107,0.11393819447259562
914,1,1,1,0.9602706222550861,0.0887406962795649,1.049011318534651
915,1,1,1,0.9813889394928073,0.07852401903961033,1.0599129585324176
916,0,0,1,0.22486937625376763,0.662090964325434,0.4372215880716664
917,0,0,1,0.8766957344078793,0.9774333016334686,0.10073756722558938
918,1,1,1,1.1418356935153087,0.00090264979915303,1.1427383433144618
919,1,0,0,0.38557269980821834,0.7398364574753878,0.3542637576671695
920,1,1,1,0.9604324700481351,0.08866239711183445,1.0490948671599696
921,1,1,1,1.0293442085736317,0.05532408787848428,1.084668296452116
922,1,1,1,0.6188855839044418,0.25389688330511734,0.8727824672095592
923,1,1,1,1.0899383098628057,0.026009707923492907,1.1159480177862986
924,1,1,1,0.7202940052250222,0.20483724003983367,0.9251312452648559
925,0,0,1,0.03248384408038152,0.56901816568684,0.5365343216064585
926,1,1,1,1.0649662694611783,0.03809074988979224,1.1030570193509706
927,0,0,1,1.0654345038506225,1.0687418594298461,0.0033073555792234727
928,1,1,1,1.1174340158858198,0.012707760104466732,1.1301417759902865
929,1,1,1,0.9999123140935869,0.06956273024180286,1.0694750443353898
930,0,0,1,0.47981595835902213,0.7854297187100148,0.30561376035099264
931,1,1,1,0.4758741603957437,0.3230833406903212,0.7989575010860649
932,1,0,0,0.21002522526452555,0.6549096203835337,0.4448843951190082
933,0,0,1,1.0387980499783533,1.0558556029650636,0.017057552986710228
934,0,0,1,1.0413710960867602,1.0571003982447822,0.01572930215802208
935,0,0,1,0.7684476954262592,0.925064769440107,0.15661707401384775
936,0,0,1,0.9958750081298797,1.0350901764499425,0.039215168320062825
937,0,0,1,0.3272024061888547,0.7115979172736513,0.3843955110847966
938,0,0,1,0.8529068832289765,0.9659246661835739,0.11301778295459745
939,1,1,1,0.6990984698495315,0.21509127408155324,0.9141897439310848
940,0,0,1,0.8693273719284123,0.9738686150918137,0.10454124316340144
941,0,0,1,1.066103270077188,1.069065396982999,0.0029621269058110857
942,1,1,1,0.18080815438171038,0.4658311796394985,0.6466393340212089
943,0,0,1,0.3233270794114337,0.7097231010921071,0.38639602168067344
944,0,0,1,0.9921861281074154,1.0333055599891614,0.041119431881746035
945,1,1,1,1.022802072420226,0.058489060389636735,1.0812911328098627
946,1,1,1,0.11422845567648726,0.49804128827399136,0.6122697439504786
947,0,0,1,1.03235756642262,1.0527398082254795,0.02038224180285935
948,0,0,1,0.7561098395746414,0.919095927810817,0.16298608823617555
949,1,1,1,0.08268710092255371,0.5133004510947984,0.5959875520173521
950,0,0,1,0.4172726772237866,0.7551723592010339,0.3378996819772473
951,0,0,1,0.9681543865549976,1.0216794183704294,0.05352503181543175
952,1,1,1,0.5262033557836433,0.29873494497125663,0.8249383007548999
953,1,1,1,0.8028640420254961,0.1648912819322057,0.9677553239577018
954,0,0,1,0.9548900495224115,1.0152623611428844,0.060372311620472865
955,0,0,1,0.9926509930943915,1.0335304536432641,0.040879460548872634
956,1,1,1,0.95329374803424,0.09211598756133531,1.0454097355955754
957,1,1,1,1.1215919140467627,0.010696240766596525,1.1322881548133592
958,1,0,0,0.2584087025912362,0.6783167113003572,0.419908008709121
959,0,0,1,0.8325303794941088,0.956066865507769,0.12353648601366016
960,1,1,1,0.5772053985136816,0.27406103732579135,0.8512664358394729
961,0,0,1,0.4569249119486352,0.7743554257051721,0.3174305137565369
962,0,0,1,0.9939396764212693,1.0341538963857428,0.040214219964473545
963,0,0,1,0.3531023814779475,0.7241278781163085,0.37102549663836104
964,1,1,1,0.4788653814176975,0.32163623960785037,0.8005016210255479
965,0,0,1,0.09432648083516337,0.5989365655422413,0.5046100847070779
966,0,1,0,0.011146712691007088,0.5479104556683267,0.5590571683593338
967,1,1,1,1.0920492223903648,0.024988484890754017,1.1170377072811188
968,1,0,0,0.1633091331238471,0.6323091816297881,0.469000048505941
969,1,0,0,0.30027824828312677,0.6985724745651264,0.3982942262819996
970,0,0,1,0.5671774182852949,0.8276936845947446,0.2605162663094497
971,0,0,1,0.17623887782324543,0.6385643688637791,0.46232549104053366
972,1,1,1,0.30988883706500564,0.40338417413033606,0.7132730111953417
973,1,1,1,1.0929972537386676,0.02452984369363872,1.1175270974323064
974,0,0,1,0.9464166199654079,1.0111630622297698,0.06474644226436192
975,0,0,1,1.0404245465171515,1.056642473906614,0.0162179273894624
976,0,0,1,0.8987727362637656,0.988113773938553,0.08934103767478746
977,1,1,1,0.7765427317765513,0.17762507735345456,0.9541678091300059
978,0,0,1,0.6854411782335376,0.884907649655203,0.19946647142166538
979,1,1,1,0.35042739358690367,0.3837723204444703,0.734199714031374
980,1,0,0,0.19978414227715413,0.6499551612620146,0.45017101898486045
981,1,1,1,0.3271560891123613,0.39503057573502126,0.7221866648473826
982,0,0,1,0.8488772232759076,0.9639751862764467,0.1150979630005391
983,1,1,1,0.4607547970084597,0.33039782763843634,0.7911526246468961
984,0,0,1,0.8195466076887112,0.9497855408927551,0.13023893320404395
985,1,1,1,1.0914050808646483,0.025300109438819055,1.1167051903034673
986,1,1,1,0.44969700657709616,0.3357473957196709,0.785444402296767
987,0,0,1,0.8738565962253343,0.9760597756027638,0.10220317937742948
988,1,1,1,1.070270413180921,0.035524696742236114,1.105795109923157
989,0,0,1,0.7414078532040512,0.9119833606567335,0.17057550745268227
990,1,1,1,0.30172263873817173,0.4073348398791058,0.7090574786172775
991,0,0,1,0.19658396211678647,0.6484069693563743,0.45182300723958785
992,0,0,1,0.8001600615009062,0.9404066645851064,0.14024660308420014
993,1,1,1,0.9421662556255723,0.09749927625567971,1.039665531881252
994,0,0,1,0.5764966547208275,0.8322021702715576,0.25570551555073023
995,0,0,1,0.9285591929824235,1.0025239473908598,0.07396475440843632
996,0,0,1,0.5459508157548025,0.8174246207998566,0.271473805045054
997,1,1,1,0.03474308589528552,0.5364949377391323,0.5712380236344178
998,1,1,1,1.1342267717395058,0.00458371477475564,1.1388104865142614
999,1,1,1,0.15676059313804802,0.4774649745517038,0.6342255676897518
1000,0,0,1,0.5278515014152045,0.8086684850343675,0.280816983619163
1001,1,1,1,0.9353378575361356,0.10080273734873912,1.0361405948848748
1002,1,1,1,0.9797741834901011,0.0793052101125175,1.0590793936026186
1003,0,0,1,0.911542028131508,0.9942913368630495,0.08274930873154147
1004,1,1,1,0.6195925555530525,0.25355486262845317,0.8731474181815057
1005,1,1,1,0.26320917581816605,0.4259669882466769,0.6891761640648429
1006,0,0,1,0.6430838581168865,0.8644159095458971,0.22133205142901052
1007,1,1,1,0.6490461978044819,0.2393056990688469,0.8883518968733288
1008,1,1,1,0.1913901960230721,0.4607117706083452,0.6521019666314173
1009,1,1,1,0.7517269353528169,0.18963053118103762,0.9413574665338544
1010,1,1,1,1.0649463994353927,0.03810036266518119,1.103046762100574
1011,0,0,1,0.3993671618764433,0.7465099800417653,0.347142818165322
1012,1,1,1,0.9844477839730166,0.07704420289565664,1.0614919868686732
1013,0,0,1,0.8297519124789063,0.9547226911402451,0.12497077866133872
1014,0,0,1,0.53343767010008,0.8113709769904678,0.2779333068903877
1015,0,0,1,0.8192337512093407,0.9496341863299755,0.1304004351206348
1016,0,0,1,0.21258819562163905,0.6561495411887496,0.4435613455671105
1017,1,0,0,0.027844034143644003,0.5667735057527753,0.5389294716091313
1018,0,0,1,0.7960291884882398,0.9384082195473423,0.14237903105910252
1019,1,1,1,0.46261173662646704,0.3294994723141126,0.7921112089405796
1020,0,0,1,0.7367015975068604,0.9097065554110478,0.1730049579041875
1021,0,0,1,0.8240274291193723,0.9519532849327569,0.1279258558133846
1022,1,1,1,1.0269329774102456,0.05649059988178135,1.0834235772920269
1023,0,0,1,1.0565221601490864,1.0644302214321226,0.00790806128303632
1024,0,0,1,0.9254922510485744,1.00104021383865,0.0755479627900757
1025,0,0,1,0.8847130698823049,0.9813119501045854,0.09659888022228043
1026,1,1,1,0.42364384103740027,0.3483514673605087,0.771995308397909
1027,0,0,1,0.3826261855327978,0.7384109847449603,0.35578479921216244
1028,1,1,1,0.012873234980846249,0.5470751939955185,0.5599484289763648
1029,0,0,1,0.9446796017771986,1.0103227228225578,0.06564312104535924
1030,1,1,1,0.6081319660631168,0.2590992979392906,0.8672312640024074
1031,0,0,1,0.530545343146274,0.8099717191506113,0.2794263760043373
1032,1,1,1,0.07449880559977073,0.5172618069886703,0.591760612588441
1033,1,1,1,0.6099967755324305,0.2581971353167897,0.8681939108492202
1034,1,1,1,1.0146443804702927,0.06243561090013727,1.07707999137043
1035,0,0,1,0.060699893323055476,0.5826686031177236,0.5219687097946681
1036,1,1,1,0.6213228817876483,0.25271776067285256,0.8740406424605008
1037,0,0,1,0.9637336624714328,1.0195407483892813,0.0558070859178486
1038,1,1,1,1.130389086327967,0.006440320713420986,1.136829407041388
1039,0,0,1,0.3672442878144938,0.7309694882205495,0.3637252004060557
1040,1,1,1,0.7985973442895419,0.1669554366258773,0.9655527809154192
1041,1,1,1,0.6234583533999317,0.25168465637897375,0.8751430097789055
1042,1,1,1,1.13972494615281,0.001923792927887512,1.1416487390806975
1043,0,0,1,0.44978466905729475,0.7709010994814234,0.32111643042412863
1044,0,0,1,0.8572768992842437,0.9680388044961823,0.11076190521193864
1045,0,0,1,0.9854930873268143,1.0300675824249683,0.044574495098154
1046,0,0,1,0.9838406023305816,1.029268138716441,0.04542753638585951
1047,1,1,1,1.1277919678447745,0.007696761792414962,1.1354887296371894
1048,0,0,1,0.9028779108836061,0.9900997865375896,0.08722187565398341
1049,1,1,1,0.22275159590719312,0.44553966684636065,0.6682912627535538
1050,0,0,1,0.7551416241131303,0.9186275218882407,0.1634858977751103
1051,0,0,1,1.0187053669790862,1.0461351098605485,0.027429742881462195
1052,1,1,1,1.0725779743366124,0.03440833849864249,1.1069863128352548
1053,0,0,1,0.9996127231596181,1.0368984184440326,0.037285695284414486
1054,1,1,1,0.7202001510727034,0.2048826450581918,0.9250827961308952
1055,1,1,1,1.060012245750929,0.040487421022106444,1.1004996667730353
1056,0,0,1,0.5274696071442866,0.808483731180079,0.28101412403579246
1057,1,1,1,0.06655084711152737,0.5211068920717705,0.5876577391832979
1058,0,0,1,0.7930112882169661,0.9369482115047081,0.143936923287742
1059,0,0,1,0.5996823007362471,0.8434189854786077,0.24373668474236068
1060,1,1,1,0.21128737641153483,0.4510858582912891,0.6623732347028239
1061,1,0,0,0.06319244325511397,0.583874455737213,0.520682012482099
1062,0,0,1,0.7793497301861199,0.9303389856168254,0.15098925543070552
1063,0,0,1,1.0196019558799574,1.0465688640898279,0.02696690820987053
1064,1,0,0,0.017428297123554315,0.5617345520258928,0.5443062549023385
1065,1,1,1,0.9427964421449152,0.09719440289874404,1.0399908450436592
1066,1,1,1,0.4369775766918119,0.3419008362779965,0.7788784129698084
1067,1,1,1,0.6896511631873584,0.21966171792268907,0.9093128811100475
1068,0,0,1,0.967520054214311,1.0213725393367115,0.05385248512240045
1069,1,1,1,0.577753995182801,0.27379563572962173,0.8515496309124228
1070,1,1,1,0.502942897845991,0.30998795289454206,0.8129308507405331
1071,1,1,1,0.6599748984565619,0.23401858239389967,0.8939934808504616
1072,1,1,1,0.6006947162148235,0.2626973110005393,0.8633920272153628
1073,1,1,1,1.1113255700571925,0.015662920724810056,1.1269884907820025
1074,1,1,1,0.1558174927649959,0.4779212302281335,0.6337387229931294
1075,0,0,1,0.6674738073799448,0.8762153458700396,0.20874153849009483
1076,0,0,1,0.15624027025894838,0.6288893878303479,0.4726491175713995
1077,1,1,1,0.9891216204437656,0.07478308151195673,1.0639047019557224
1078,0,0,1,0.9207704236230366,0.9987558752596596,0.07798545163662295
1079,1,1,1,1.109792029844591,0.016404821000777954,1.1261968508453688
1080,1,1,1,0.8394505958276439,0.14719133892485695,0.9866419347525008
1081,1,1,1,1.1321688875319686,0.005579283621881972,1.1377481711538506
1082,0,0,1,0.6913659758241852,0.887773964428976,0.19640798860479075
1083,1,1,1,0.7024801698688754,0.21345526600235493,0.9159354358712304
1084,1,1,1,0.63996793895023,0.24369760395267848,0.8836655429029084
1085,0,0,1,0.9739747283628641,1.02449519924008,0.0505204708772158
1086,1,1,1,0.03924017326269802,0.5343193245197861,0.5735594977824842
1087,0,0,1,0.20413787696425523,0.6520614229298266,0.4479235459655714
1088,1,1,1,0.6828634892212813,0.2229454773880306,0.9058089666093119
1089,0,0,1,0.908741735195089,0.9929366034916985,0.08419486829660949
1090,1,1,1,0.32967137271710173,0.3938137249572196,0.7234850976743213
1091,1,0,0,0.13189478213130706,0.6171114610358314,0.4852166789045243
1092,0,0,1,0.5667545240345182,0.827489095658127,0.26073457162360875
1093,0,0,1,0.2821959771064796,0.689824583987597,0.40762860688111746
1094,0,1,0,0.5426515820259485,0.2907775771187073,0.8334291591446558
1095,0,0,1,0.026102495658229863,0.5659309795038252,0.5398284838455953
1096,1,1,1,0.36556343901941385,0.37644976301091543,0.7420132020303293
1097,1,1,1,0.9837053100598768,0.07740339895489982,1.0611087090147766
1098,1,1,1,1.114492891587488,0.014130625257044803,1.1286235168445329
1099,0,0,1,0.6265196110258902,0.8564024128100262,0.22988280178413598
1100,0,0,1,0.7846038456996929,0.9328808359820492,0.14827699028235627
1101,0,0,1,0.6358935041181895,0.8609373404336532,0.22504383631546374
1102,1,1,1,0.7180058220153291,0.20594422356774283,0.9239500455830719
1103,0,0,1,0.9266475158401104,1.001599110997403,0.07495159515729258
1104,1,1,1,1.1221409427003137,0.010430630183817676,1.1325715728841315
1105,0,0,1,1.0514954410414044,1.0619983815217264,0.010502940480321972
1106,1,1,1,1.1221485406353184,0.01042695443405236,1.1325754950693707
1107,0,0,1,0.9911200342393782,1.0327898021835265,0.04166976794414823
1108,1,1,1,0.7087048856437999,0.21044385598956938,0.9191487416333692
1109,0,0,1,0.6506737074239524,0.8680877475904397,0.2174140401664873
1110,0,0,1,0.9396058957019715,1.0078681514285641,0.06826225572659261
1111,0,0,1,0.8202195631866188,0.9501111051430494,0.1298915419564306
1112,1,1,1,0.10559937407427522,0.5022158889590099,0.6078152630332851
1113,1,1,1,0.49698350288650506,0.3128710052779833,0.8098545081644883
1114,0,0,1,0.8911154356672172,0.9844093041248072,0.09329386845759007
1115,1,1,1,1.0499451718836432,0.045357697535858464,1.0953028694195017
1116,0,0,1,0.8657107186439408,0.9721189406797698,0.10640822203582895
1117,0,0,1,1.0269854308611484,1.0501408617988768,0.023155430937728403
1118,0,0,1,0.9036663498764141,0.9904812197087196,0.08681486983230549
1119,1,1,1,0.40822760187118234,0.3558095776844632,0.7640371795556455
1120,0,0,1,0.8037896977669365,0.9421626199394576,0.1383729221725211
1121,0,0,1,1.0619102783894663,1.0670369000028161,0.005126621613349837
1122,1,1,1,0.9991880192186045,0.06991313159627396,1.0691011508148784
1123,1,1,1,0.7420843898865683,0.19429542818449214,0.9363798180710605
1124,0,0,1,0.36848689021785086,0.7315706378078858,0.3630837475900349
1125,0,0,1,0.8535980538971186,0.9662590426187152,0.11266098872159662
1126,0,0,1,0.5855285114971931,0.8365716266313097,0.25104311513411665
1127,1,1,1,1.0429316123979124,0.04875073651535361,1.091682348913266
1128,0,0,1,0.6526228701372998,0.8690307188559179,0.2164078487186181
1129,1,0,0,0.349273556659795,0.7222755587797318,0.37300200211993684
1130,0,0,1,0.21516211085280745,0.6573947569350534,0.442232646082246
1131,1,1,1,0.17140671319345074,0.47037943455629166,0.6417861477497424
1132,0,0,1,0.9529260512024386,1.0143122126670798,0.061386161464641216
1133,1,1,1,0.4744732147302478,0.3237610940138445,0.7982343087440923
1134,0,0,1,0.1057420164012619,0.6044592045426503,0.49871718814138843
1135,0,0,1,0.26056752990718135,0.6793611146803961,0.4187935847732147
1136,0,0,1,0.5276650102555132,0.8085782638313604,0.28091325357584734
1137,1,1,1,0.6870118133276764,0.22093858981244005,0.9079504031401164
1138,1,1,1,0.9212379022990571,0.10762405223540679,1.028861954534464
1139,1,1,1,0.6409837557018881,0.24320616934783723,0.8841899250497254
1140,1,1,1,0.4320068652673346,0.34430558063831557,0.7763124459056502
1141,0,0,1,0.8805801538573623,0.9793125166927578,0.09873236283539542
1142,1,1,1,0.6142527960812472,0.25613814606189744,0.8703909421431446
1143,1,1,1,1.073058497743683,0.034175869571264395,1.1072343673149474
1144,0,0,1,0.9013228770477419,0.9893474880178071,0.08802461097006524
1145,0,0,1,0.996758179260348,1.035517439393579,0.038759260133231076
1146,1,1,1,0.6121445977508027,0.257158056012937,0.8693026537637396
1147,1,1,1,0.5324041910822654,0.29573508792057357,0.828139279002839
1148,1,1,1,0.8867934186325104,0.12428769869722898,1.0110811173297394
1149,0,1,0,0.38078546100693567,0.3690856116045611,0.7498710726114968
1150,1,1,1,1.0022573532856494,0.0684282407713278,1.070685594056977
1151,0,0,1,0.4885745840646995,0.7896669905955152,0.30109240653081565
1152,1,1,1,0.02767750294473348,0.5399131447726442,0.5675906477173777
1153,1,1,1,1.043830429319566,0.04831590440808989,1.0921463337276558
1154,1,1,1,0.8195393142845365,0.15682407313705227,0.9763633874215888
1155,1,1,1,0.7013391736499842,0.2140072602720309,0.9153464339220151
1156,1,1,1,0.7942997139946439,0.16903455595746858,0.9633342699521125
1157,1,1,1,0.9266156331679187,0.10502239889570023,1.031638032063619
1158,0,0,1,0.10361252303847784,0.6034289924226558,0.49981646938417795
1159,1,1,1,1.0482145230733984,0.04619495554798839,1.0944094786213867
1160,0,0,1,0.153255098498148,0.6274452132759735,0.47419011477782547
1161,1,1,1,0.6217805839738064,0.252496332258109,0.8742769162319155
1162,0,0,1,0.9469032443711416,1.0113984827149582,0.06449523834381668
1163,1,1,1,0.4347446527025367,0.34298108634920144,0.7777257390517381
1164,0,0,1,0.297444868060928,0.6972017341362171,0.3997568660752891
1165,1,1,1,0.4707251875538018,0.32557432484645693,0.7962995124002588
1166,1,1,1,1.0871469320736,0.027360128300555564,1.1145070603741556
1167,0,0,1,0.986175792074266,1.0303978631938564,0.044222071119590416
1168,1,1,1,0.6132206972301419,0.25663745766531604,0.869858154895458
1169,1,1,1,0.5352455903838645,0.294360467999512,0.8296060583833765
1170,1,1,1,0.0540412752382593,0.5271588069473984,0.5812000821856577
1171,1,1,1,0.3548643310683237,0.3816258067013887,0.7364901377697124
1172,1,1,1,0.5902004247933164,0.26777426799046705,0.8579746927837835
1173,0,0,1,0.9342261867387615,1.0052655411209666,0.07103935438220514
1174,1,0,0,0.06414568617346872,0.5843356182019337,0.520189932028465
1175,0,0,1,1.0551810815685374,1.063781430770601,0.008600349202063698
1176,0,0,1,0.3861799486714744,0.740130233990362,0.3539502853188876
1177,1,1,1,0.762815226038516,0.18426620760338844,0.9470814336419044
1178,1,1,1,0.3987330373236587,0.3604028840745528,0.7591359213982115
1179,0,0,1,0.876394472112671,0.9772875561367956,0.10089308402412463
1180,1,1,1,0.6271922515152462,0.24987826094217716,0.8770705124574233
1181,0,0,1,0.901484119812319,0.9894254944832096,0.0879413746708906
1182,1,1,1,0.6361031843040883,0.2455673055196535,0.8816704898237419
1183,0,0,1,0.6311941480280409,0.8586638730987225,0.22746972507068167
1184,0,0,1,0.8083293135464825,0.9443588076702766,0.13602949412379406
1185,1,1,1,0.6374417994938182,0.24491970660407597,0.8823615060978942
1186,1,1,1,0.2509599610330403,0.43189294685852,0.6828529078915603
1187,0,0,1,0.9196667760467501,0.998221949618395,0.078555173571645
1188,0,0,1,0.9946080485074434,1.03447724326058,0.039869194753136515
1189,0,0,1,0.9347774067227399,1.0055322118315695,0.07075480510882962
1190,1,1,1,0.5983341929901405,0.26383929137864087,0.8621734843687814
1191,0,0,1,0.13104755099178128,0.6167015852392546,0.4856540342474733
1192,0,0,1,0.8664263169629365,0.9724651347906137,0.10603881782767721
1193,0,0,1,0.2819471598765803,0.6897042105079771,0.40775705063139683
1194,0,0,1,1.0210183926701368,1.0472541117519953,0.02623571908185861
1195,0,0,1,0.5768093772290541,0.8323534600214111,0.25554408279235696
1196,0,0,1,0.813794849640679,0.9470029396619103,0.1332080900212313
1197,0,0,1,0.9507476266999455,1.0132583285065642,0.06251070180661865
1198,0,0,1,0.7080437238431637,0.8958423709540397,0.187798647110876
1199,0,0,1,0.3495120698254392,0.7223909473309803,0.3728788775055411
1200,0,0,1,0.9857347118872938,1.0301844762153152,0.04444976432802141
1201,0,0,1,0.0828049040541099,0.5933626256329988,0.5105577215788889
1202,1,1,1,0.6213649988435936,0.2526973851684008,0.8740623840119944
1203,0,0,1,0.7488628540637445,0.9155899613507994,0.16672710728705487
1204,1,1,1,0.4023476874737943,0.35865417874431343,0.7610018662181077
1205,1,1,1,0.804992801706588,0.16386142475474563,0.9688542264613337
1206,0,0,1,0.366460866650173,0.7305904825882013,0.36412961593802823
1207,0,0,1,0.963100581882708,1.0192344749315492,0.05613389304884124
1208,1,1,1,0.6839001731500057,0.22244394760322805,0.9063441207532338
1209,0,0,1,0.10307333491498039,0.6031681425184053,0.500094807603425
1210,0,0,1,0.3486307663814912,0.7219645879418338,0.3733338215603426
1211,0,0,1,0.9215843107043393,0.9991496197766037,0.07756530907226439
1212,1,0,0,0.03910382911866006,0.5722208001443153,0.5331169710256553
1213,1,1,1,1.0216760411689647,0.059033814866366004,1.0807098560353308
1214,0,0,1,0.7533004952175999,0.9177368155184553,0.16443632030085537
1215,0,0,1,0.2139254685963638,0.656796490763883,0.4428710221675192
1216,1,1,1,0.3322869963087923,0.392548331426253,0.7248353277350453
1217,1,1,1,1.0985768165491379,0.0218305475455154,1.1204073640946532
1218,0,0,1,0.9427158686581187,1.0093727026463661,0.06665683398824744
1219,0,0,1,0.4852201810895527,0.7880441883549747,0.30282400726542197
1220,0,0,1,1.0388406958195286,1.0558762342866794,0.017035538467150838
1221,1,1,1,0.1553862543361011,0.4781298559340498,0.6335161102701509
1222,1,1,1,0.36257297602383254,0.37789649737331577,0.7404694733971483
1223,0,0,1,0.8293346500889908,0.9545208268006695,0.12518617671167873
1224,0,0,1,0.9855209972916298,1.0300810847840383,0.044560087492408494
1225,1,1,1,0.4319305151704762,0.34434251749687594,0.7762730326673521
1226,0,0,1,0.8114981188168021,0.9458918209458465,0.13439370212904433
1227,1,1,1,1.090628654461686,0.025675731126397126,1.1163043855880832
1228,0,0,1,0.880609473576369,0.9793267010665639,0.0987172274901949
1229,1,0,0,0.3552968241701895,0.7251895116004465,0.36989268743025705
1230,1,1,1,0.2819354184665829,0.4169075553902458,0.6988429738568287
1231,1,1,1,0.1595067954339342,0.47613640929828593,0.6356432047322201
1232,0,0,1,0.9814104741592179,1.02809248466697,0.04668201050775196
1233,1,1,1,0.1262253406336477,0.4922374024760621,0.6184627431097098
1234,1,1,1,0.30669126815437947,0.4049311027584385,0.711622370912818
1235,0,0,1,0.20949780497720238,0.6546544635552349,0.44515665857803255
1236,0,1,0,0.14816834695041758,0.4816217548991668,0.6297901018495844
1237,1,1,1,1.1395661121866856,0.0020006340581900867,1.1415667462448758
1238,1,1,1,0.11923261799545376,0.49562036094849865,0.6148529789439524
1239,0,0,1,0.8900645370508076,0.9839008975195407,0.09383636046873314
1240,1,1,1,0.9224405231956796,0.10704224501068758,1.0294827682063672
1241,1,1,1,0.12701349313021065,0.4918561079068687,0.6188696010370793
1242,0,0,1,0.6162686533369742,0.8514431764784014,0.2351745231414272
1243,1,1,1,0.9994982386895325,0.06976305277264683,1.0692612914621793
1244,1,1,1,0.7664714038123461,0.1824974119258429,0.948968815738189
1245,1,0,0,0.123725863921889,0.6131594794548303,0.4894336155329413
1246,0,0,1,0.8914512908312076,0.9845717850540989,0.0931204942228914
1247,1,1,1,0.10344036437444115,0.5032603805732251,0.6067007449476662
1248,0,0,1,0.794038815654869,0.9374453115373518,0.14340649588248275
1249,1,1,1,0.46970800053710404,0.32606642236186456,0.7957744228989686
1250,1,0,0,0.24156081366626808,0.6701659935427156,0.4286051798764475
1251,0,0,1,0.7855092379233908,0.9333188491069095,0.1478096111835188
1252,1,1,1,0.01664923819051367,0.545248428841082,0.5618976670315957
1253,1,0,0,0.09660112576008595,0.6000369994817374,0.5034358737216514
1254,0,0,1,0.871528859982364,0.974933657000298,0.10340479701793408
1255,0,0,1,0.873330476002977,0.9758052477234479,0.10247477172047093
1256,1,1,1,1.0044921725594882,0.06734707379417587,1.0718392463536641
1257,0,0,1,0.9601629348650745,1.0178132920273324,0.057650357162257845
1258,0,0,1,0.6598831083986063,0.8725430967677549,0.21265998836914854
1259,1,1,1,0.751765228600758,0.18961200556887445,0.9413772341696325
1260,0,0,1,0.7599481848563417,0.9209528529832729,0.16100466812693115
1261,1,1,1,0.9465491789992175,0.09537889360530442,1.041928072604522
1262,1,1,1,1.1366326058981542,0.003419813749163188,1.1400524196473174
1263,1,1,1,1.0055109628951244,0.06685420062074952,1.072365163515874
1264,0,0,1,0.9467425265165228,1.0113207301919303,0.0645782036754074
1265,0,0,1,0.5342302545545365,0.8117544156643657,0.2775241611098291
1266,0,0,1,0.3408482352740214,0.7181995337691982,0.3773512984951768
1267,0,1,0,0.08225574839411565,0.5135091320001036,0.5957648803942193
1268,0,0,1,0.9781193038727583,1.0265002733094084,0.04838096943665018
1269,0,0,1,0.6973265866420856,0.8906576050237245,0.19333101838163894
1270,1,1,1,0.2140797414498688,0.44973496030014454,0.6638147017500133
1271,0,0,1,0.9053585735991942,0.9912998883270012,0.08594131472780696
1272,0,0,1,1.0346872846704191,1.0538668856876592,0.01917960101723995
1273,1,1,1,0.9709892597463667,0.08355520453475448,1.0545444642811213
1274,1,1,1,0.9109776858343349,0.11258776780289978,1.0235654536372347
1275,1,0,0,0.20840147389334596,0.6541240775066778,0.4457226036133318
1276,0,0,1,0.5404413951412286,0.8147592582354806,0.27431786309425205
1277,0,0,1,0.9588027534869407,1.0171552597621778,0.05835250627523717
1278,1,1,1,1.1268409000400477,0.008156871974719156,1.1349977720147668
1279,1,1,1,0.8414941260989748,0.14620271426422482,0.9876968403631996
1280,1,1,1,1.1414000071014971,0.0011134273633708364,1.142513434464868
1281,1,1,1,0.8844691494639243,0.125412139988972,1.0098812894528963
1282,1,1,1,0.6160496136158362,0.25526887676343285,0.871318490379269
1283,1,1,1,0.5451570837825481,0.2895654586301378,0.834722542412686
1284,0,0,1,0.9955590216390959,1.0349373076416855,0.03937828600258955
1285,1,1,1,0.9820411001633108,0.07820851496776013,1.060249615131071
1286,0,0,1,0.3784173640514534,0.7363748295839478,0.35795746553249447
1287,0,0,1,0.19786251993229576,0.6490255135512852,0.4511629936189895
1288,1,1,1,1.0665707490006529,0.03731453039235798,1.1038852793930107
1289,1,1,1,0.7908005190999514,0.17072740602863395,0.9615279251285854
1290,0,0,1,0.4631955176907531,0.7773890364917263,0.3141935188009732
1291,1,1,1,1.046067517156801,0.04723363993913715,1.0933011570959381
1292,1,0,0,0.39018025377502974,0.7420655125281503,0.3518852587531206
1293,0,0,1,0.9286482317194034,1.0025670227944223,0.07391879107501893
1294,1,0,0,0.3391240839368741,0.7173654191223642,0.3782413351854901
1295,1,1,1,0.9252076584419126,0.10570355275733097,1.0309112111992436
1296,0,0,1,0.1852103274481952,0.642904601286697,0.4576942738385018
1297,0,0,1,1.0479384906536207,1.0602775903402393,0.01233909968661872
1298,0,0,1,0.9004709616685933,0.9889353460669812,0.08846438439838793
1299,1,1,1,1.044440166059891,0.04802092430114671,1.0924610903610377
1300,1,1,1,0.8558437067778293,0.13926063489898635,0.9951043416768156
1301,1,1,1,1.1272080315352677,0.007979260096411613,1.1351872916316794
1302,0,0,1,1.0617436041523978,1.0669562658848049,0.005212661732407088
1303,0,0,1,1.0380842860675044,1.0555102963092073,0.017426010241702886
1304,1,1,1,0.6221083599207069,0.2523377599145455,0.8744461198352524
1305,1,1,1,0.10863618616294712,0.5007467317056595,0.6093829178686067
1306,0,0,1,0.9110921268573862,0.9940736823948546,0.08298155553746847
1307,1,1,1,0.5415211728972109,0.29132444953696895,0.8328456224341799
1308,0,0,1,0.86677979311454,0.9726361404494597,0.10585634733491964
1309,1,1,1,0.22665650640268703,0.4436505385728204,0.6703070449755074
1310,1,1,1,0.12919710389216682,0.49079971472357325,0.6199968186157401
1311,1,1,1,0.6411859669416814,0.24310834304150788,0.8842943099831893
1312,0,0,1,0.8568418640530716,0.9678283419628818,0.11098647790981021
1313,1,1,1,0.8274316380653194,0.15300590316480422,0.9804375412301236
1314,0,0,1,1.0324481820222462,1.0527836464879634,0.020335464465717133
1315,0,0,1,0.7982184846418802,0.9394673632249676,0.1412488785830874
1316,0,0,1,0.6214485234211536,0.8539491081868441,0.2325005847656905
1317,0,0,1,0.8023538154685841,0.9414679648761921,0.13911414940760802
1318,1,1,1,0.9072962187544746,0.11436879801004472,1.0216650167645194
1319,0,0,1,0.7460777062149069,0.9142425549113175,0.16816484869641057
1320,0,0,1,0.8927817481346336,0.9852154373251409,0.09243368919050729
1321,1,1,1,0.33287802106787107,0.3922624038527462,0.7251404249206173
1322,1,0,0,0.35301756469633255,0.7240868452218531,0.3710692805255205
1323,0,1,0,0.18222802779757835,0.4651442693971614,0.6473722971947398
1324,0,0,1,0.7057910924591697,0.8947525867855478,0.18896149432637804
1325,1,0,0,0.25924613598937923,0.6787218471188259,0.41947571112944665
1326,1,1,1,1.1426393348427737,0.0005138620010072479,1.143153196843781
1327,1,1,1,0.8052824519040211,0.16372129699047577,0.9690037488944969
1328,0,1,0,0.035480586491296595,0.5361381476848441,0.5716187341761407
1329,0,0,1,0.3587798516785863,0.7268745401692763,0.36809468849069005
1330,1,1,1,0.6507504279085043,0.23848122197062854,0.8892316498791328
1331,0,0,1,0.8585077475534982,0.9686342676363926,0.11012652008289435
1332,0,0,1,0.35524521473791687,0.7251645438482278,0.36991932911031095
1333,1,0,0,0.15633753915307463,0.6289364448418318,0.4725989056887571
1334,0,0,1,0.14822004842048797,0.6250093429861486,0.47678929456566066
1335,1,1,1,1.1223868217137962,0.010311678162567565,1.1326984998763638
1336,0,0,1,0.9300391825564727,1.0032399407925288,0.07320075823605604
1337,1,1,1,0.9577256087540902,0.08997192986784337,1.0476975386219336
1338,0,0,1,0.4252545562945468,0.7590338544762656,0.3337792981817188
1339,1,1,1,0.23737610225175437,0.43846458319106024,0.6758406854428146
1340,1,1,1,1.0509577207277754,0.04486784388825304,1.0958255646160284
1341,1,1,1,0.9495847767676129,0.09391032381913676,1.0434951005867497
1342,1,1,1,0.01603582993748154,0.5455451851624787,0.5615810150999603
1343,0,1,0,0.004639188701949459,0.5510586834119989,0.5556978721139484
1344,1,1,1,0.21515763798738408,0.449213492566807,0.6643711305541911
1345,1,1,1,0.7001134003956924,0.21460026820763,0.9147136686033224
1346,0,0,1,1.0398176372049932,1.056348861660598,0.01653122445560489
1347,1,1,1,0.40848340700697305,0.3556858235766298,0.7641692305836029
1348,1,1,1,0.6899469396230964,0.21951862639010608,0.9094655660132025
1349,0,0,1,0.7115423376246608,0.897534939892675,0.18599260226801415
1350,0,1,0,0.16548620958510535,0.473243671975569,0.6387298815606743
1351,1,1,1,0.07543544235596211,0.5168086782984737,0.5922441206544358
1352,0,0,1,0.9326364226085658,1.0044964406844576,0.07186001807589179
1353,0,1,0,0.7458053956193333,0.19249526985976653,0.9383006654790998
1354,1,1,1,1.0693378205899848,0.03597586893511092,1.1053136895250957
1355,0,0,1,0.7151371492428273,0.8992740476836899,0.1841368984408626
1356,1,1,1,0.20526791891019897,0.45399796789540675,0.6592658868056057
1357,0,0,1,0.7512248152183663,0.9167326373745773,0.16550782215621113
1358,1,1,1,0.3951724135676379,0.36212545236816673,0.7572978659358046
1359,1,1,1,0.8526788257316164,0.140791749702691,0.9934705754343074
1360,1,1,1,0.5334048114169223,0.2952510050798885,0.8286558164968109
1361,0,0,1,0.2645747501982642,0.6812997386665091,0.41672498846824485
1362,1,1,1,1.1162371533018105,0.013286781556969548,1.12952393485878
1363,1,1,1,0.4097767494818968,0.35506012681877364,0.7648368763006704
1364,0,0,1,1.0061499331523762,1.0400610077637213,0.03391107461134509
1365,0,0,1,1.003606778358631,1.0388306733859174,0.035223895027286393
1366,0,0,1,0.7502115434874091,0.9162424340068077,0.16603089051939854
1367,0,0,1,0.9651453570189777,1.0202237018363443,0.05507834481736656
1368,0,0,1,0.5958675120030663,0.8415734565575862,0.2457059445545199
1369,0,0,1,0.32620864535905036,0.7111171529429742,0.3849085075839238
1370,1,1,1,0.41356228150280244,0.3532287517899894,0.7667910332927919
1371,0,0,1,0.537977251237612,0.8135671479620785,0.2755898967244665
1372,1,1,1,0.0411766996369497,0.533382466496977,0.5745591661339267
1373,0,0,1,0.9878530043606287,1.0312092695383945,0.04335626517776579
1374,0,0,1,0.9052144232608499,0.9912301508822836,0.08601572762143378
1375,1,1,1,0.6070913136739993,0.2596027475967099,0.8666940612707091
1376,1,1,1,1.0900587650336209,0.025951433791693075,1.116010198825314
1377,0,0,1,0.8812722594267262,0.9796473454169676,0.09837508599024145
1378,0,0,1,0.731152210901508,0.9070218579899227,0.17586964708841477
1379,0,0,1,0.1999546797402862,0.6500376643420909,0.4500829846018047
1380,1,1,1,0.5503849448333771,0.2870363097206666,0.8374212545540437
1381,0,0,1,0.47067709710317873,0.7810084954306853,0.31033139832750656
1382,0,0,1,0.8501992747217996,0.9646147719387536,0.11441549721695399
1383,0,0,1,0.8431093846356869,0.9611848055327568,0.11807542089706988
1384,0,0,1,0.9358427341300226,1.0060475988367257,0.07020486470670302
1385,1,1,1,0.5631864217677134,0.28084317621667587,0.8440295979843893
1386,0,0,1,1.0664131198747684,1.0692152969650437,0.002802177090275233
1387,0,0,1,0.5797039757630726,0.8337538168125521,0.2540498410494794
1388,0,0,1,0.5546700071228003,0.821642815033681,0.2669728079108806
1389,0,0,1,0.6314130777705378,0.8587697875279897,0.22735670975745195
1390,1,1,1,0.8872217664529249,0.12408047141778475,1.0113022378707097
1391,1,1,1,1.127947222519202,0.0076216522616334775,1.1355688747808355
1392,1,1,1,0.8371966563812622,0.1482817559113464,0.9854784122926086
1393,1,0,0,0.2039053291473692,0.6519489203113066,0.4480435911639374
1394,1,1,1,1.1314887454768383,0.0059083246044737735,1.137397070081312
1395,1,1,1,1.1364015577352713,0.0035315908609703348,1.1399331485962416
1396,1,1,1,0.886409992835588,0.12447319347735443,1.0108831863129424
1397,0,0,1,0.3983775124102677,0.7460312047178228,0.3476536923075551
1398,1,1,1,1.0872973213947343,0.027287372543689625,1.114584693938424
1399,0,0,1,0.9439049560885939,1.009947962613839,0.06604300652524507
1400,1,1,1,0.7196664602117352,0.2051408354817491,0.9248072956934843
1401,1,0,0,0.36412716430001757,0.7294614776860932,0.3653343133860756
1402,0,0,1,0.6278120244499841,0.8570276601091323,0.22921563565914826
1403,1,1,1,0.3784936605437585,0.3701943450972485,0.748688005641007
1404,1,0,0,0.15566771192801288,0.6286123939959259,0.47294468206791307
1405,1,1,1,0.42408655749756874,0.34813728878124783,0.7722238462788166
1406,0,0,1,0.29939065781451357,0.6981430736220018,0.3987524158074882
1407,0,0,1,0.9719632611912794,1.023522086153487,0.05155882496220766
1408,0,0,1,0.9110368971980367,0.9940469632392849,0.08301006604124818
1409,0,0,1,0.8436916022287433,0.961466472351411,0.11777487012266771
1410,1,1,1,0.9277425912478439,0.10447719603526645,1.0322197872831103
1411,0,0,1,0.5953042934038552,0.8413009811241079,0.24599668772025274
1412,1,0,0,0.08013383129195595,0.5920704067507757,0.5119365754588198
1413,0,0,1,0.9644283506839331,1.0198768265516474,0.055448475867714314
1414,1,1,1,0.39816123667475106,0.3606795113554922,0.7588407480302433
1415,0,0,1,0.9869200613327582,1.0307579278101817,0.04383786647742348
1416,1,1,1,0.7437744758048103,0.19347779379913363,0.9372522696039439
1417,0,0,1,0.9688706420486375,1.022025930411019,0.053155288362381606
1418,0,0,1,1.012052814816337,1.042916719990575,0.03086390517423789
1419,0,0,1,0.23467413931030773,0.6668343393981399,0.4321602000878321
1420,0,0,1,0.5709799125379234,0.8295332656583577,0.2585533531204343
1421,0,0,1,0.8633821279869497,0.9709924087265535,0.1076102807396038
1422,0,0,1,1.0695145597165934,1.0707157200094737,0.0012011602928803425
1423,0,0,1,1.027730401195887,1.0505012655837849,0.022770864387897823
1424,1,1,1,0.30542700364162084,0.4055427321002742,0.710969735741895
1425,0,0,1,0.688368836016842,0.8863239999403305,0.19795516392348858
1426,0,0,1,0.357707242681643,0.7263556304567702,0.3686483877751272
1427,0,0,1,1.0007362170384455,1.03744194538379,0.03670572834534448
1428,0,0,1,0.44347085914860995,0.7678465872650694,0.3243757281164594
1429,1,1,1,0.5976652331341854,0.2641629226063494,0.8618281557405347
1430,1,1,1,1.0772450108683072,0.03215050680804574,1.1093955176763528
1431,1,1,1,0.2692088907369629,0.42306442976310604,0.692273320500069
1432,1,1,1,1.1330767831539097,0.005140059396176497,1.1382168425500863
1433,0,0,1,1.0105637317396567,1.0421963273093462,0.031632595569689434
1434,1,1,1,0.8741166678106821,0.13042049186157315,1.0045371596722552
1435,0,0,1,0.5408867301699565,0.814974703632997,0.27408797346304054
1436,1,1,1,0.8110936152689707,0.1609099564930288,0.9720035717619996
1437,0,0,1,0.5755321803008617,0.8317355742002863,0.25620339389942454
1438,1,1,1,0.5622407131634517,0.2813006937103297,0.8435414068737814
1439,1,1,1,1.087860340246217,0.02701499374471344,1.1148753339909305
1440,0,0,1,0.3683439954848257,0.7315015078033417,0.36315751231851595
1441,1,1,1,0.8121736868515158,0.1603874365104613,0.9725611233619771
1442,1,1,1,0.40271276385792015,0.3584775610932687,0.7611903249511889
1443,1,1,1,0.8760038574998492,0.12950750207513548,1.0055113595749847
1444,1,1,1,1.0827718024086144,0.029476740489251477,1.112248542897866
1445,1,1,1,0.8200201487630505,0.15659145371868097,0.9766116024817315
1446,1,1,1,0.8490778007251791,0.14253386342366783,0.9916116641488469
1447,1,0,0,0.1376044962691464,0.6198737221488766,0.4822692258797302
1448,0,0,1,0.8525664548918541,0.9657599728320837,0.11319351794022961
1449,1,1,1,0.4536044044410892,0.3338570641001989,0.7874614685412881
1450,1,0,0,0.15796002829847128,0.6297213770756481,0.47176134877717685
1451,1,0,0,0.3494805936276556,0.7223757196899767,0.3728951260623211
1452,1,1,1,0.8271042615746482,0.15316428225834117,0.9802685438329894
1453,0,0,1,0.7332120039050424,0.9080183502795943,0.17480634637455195
1454,0,0,1,0.36860093611945327,0.7316258112459062,0.36302487512645293
1455,0,0,1,0.6206182651367533,0.853547443564515,0.23292917842776156
1456,1,1,1,0.4225730168646902,0.3488695136058686,0.7714425304705588
1457,0,0,1,0.6231801283072397,0.8547868287319579,0.2316067004247182
1458,1,1,1,1.0645472215522194,0.038293478032651235,1.1028406995848705
1459,1,1,1,0.6321790651836692,0.24746572659426674,0.8796447917779359
1460,1,1,1,0.9353188011922108,0.10081195647889331,1.036130757671104
1461,1,1,1,1.0177022331801389,0.06095627455756094,1.0786585077376998
1462,1,1,1,0.8466900886055991,0.14368899731966325,0.9903790859252624
1463,1,1,1,0.6624751859640081,0.2328089864690387,0.8952841724330468
1464,0,0,1,0.8348516744967663,0.9571898679493892,0.12233819345262283
1465,0,0,1,0.9871805405055356,1.030883943136405,0.04370340263086933
1466,0,0,1,0.9307030453134156,1.0035611061317442,0.07285806081832857
1467,1,1,1,0.4139859974380297,0.35302376533662233,0.767009762774652
1468,1,1,1,1.1142386496171997,0.014253623132398691,1.1284922727495983
1469,1,1,1,0.3752879741122935,0.3717452008417716,0.7470331749540651
1470,1,1,1,0.9147454763490942,0.11076497580845532,1.0255104521575495
1471,0,0,1,1.0439339501705172,1.0583402627989558,0.014406312628438705
1472,0,0,1,0.9018805891126185,0.989617299485053,0.0877367103724345
1473,0,0,1,0.6761280079762424,0.8804020986906794,0.204274090714437
1474,0,0,1,1.037282437499593,1.0551223758171788,0.017839938317585863
1475,0,0,1,1.0330224806008321,1.0530614822241506,0.020039001623318415
1476,1,1,1,1.018682843530682,0.06048187220168753,1.0791647157323696
1477,1,1,1,1.1286722763183628,0.00727088375274877,1.1359431600711116
1478,1,1,1,0.6989166038042725,0.21517925773405758,0.91409586153833
1479,0,0,1,0.9980822847810644,1.0361580187818193,0.038075734000754875
1480,0,0,1,0.40324097803081266,0.7483840654099603,0.3451430873791476
1481,1,0,0,0.29769075614058366,0.6973206905435253,0.39962993440294164
1482,1,1,1,1.016715247912923,0.0614337609880481,1.078149008900971
1483,0,0,1,0.9490860612165729,1.012454491815147,0.06336843059857407
1484,0,0,1,0.16460513297875262,0.6329361639821958,0.46833103100344314
1485,0,0,1,0.6615778578815577,0.8733629873051962,0.21178512942363859
1486,0,0,1,0.6126753075335865,0.8497047778232669,0.23702947028968052
1487,1,1,1,0.008784889902713644,0.5490530647528642,0.5578379546555778
1488,0,0,1,1.0093115299769497,1.0415905337177038,0.03227900374075418
1489,1,1,1,0.4022987817355749,0.3586778384960325,0.7609766202316074
1490,1,1,1,0.6922366052454645,0.21841092569654086,0.9106475309420053
1491,1,1,1,1.1101008510166908,0.016255418649980195,1.126356269666671
1492,1,1,1,0.8718505405832713,0.13151680508608402,1.0033673456693553
1493,1,0,0,0.30683012437671825,0.7017421590911659,0.39491203471444764
1494,0,0,1,0.3790328707610335,0.7366726011023894,0.35763973034135593
1495,1,1,1,0.9544864689232279,0.09153896978937126,1.0460254387125991
1496,1,1,1,0.6051686059459227,0.26053292039709935,0.865701526343022
1497,0,1,0,0.7145996682102682,0.20759206196623947,0.9221917301765077
1498,1,1,1,0.0009612581555579203,0.5528380027053152,0.5537992608608732
1499,0,0,1,0.8085627814313693,0.944471755401809,0.13590897397043974
1500,1,1,1,0.6273533525131287,0.24980032306105365,0.8771536755741824
1501,0,0,1,1.0125513736497151,1.0431579141457916,0.030606540496076567
1502,0,0,1,0.3774294548343432,0.7358968961624552,0.35846744132811204
1503,1,1,1,1.141143982565745,0.001237287613117355,1.1423812701788623
1504,1,0,0,0.2667932740422162,0.6823730221960469,0.4155797481538307
1505,0,0,1,1.0300287429500619,1.0516131636401118,0.021584420690049847
1506,1,1,1,0.33887110699940587,0.3893630523587533,0.7282341593581592
1507,0,0,1,0.45723811551303756,0.7745069481816972,0.31726883266865963
1508,1,1,1,0.01505499868771809,0.5460196943855807,0.5610746930732988
1509,0,0,1,0.946252952637191,1.0110838828023423,0.06483093016515128
1510,0,0,1,0.9211672613842026,0.9989478585165081,0.07778059713230555
1511,0,0,1,0.5724570702741425,0.8302478890657804,0.25779081879163784
1512,0,0,1,0.5613378048572017,0.8248685804479821,0.2635307755907803
1513,1,0,0,0.03581769058113171,0.570631023060006,0.5348133324788743
1514,0,0,1,0.551130479362114,0.8199304526183556,0.2687999732562416
1515,0,0,1,0.9987359471721126,1.0364742493601395,0.03773830218802701
1516,0,0,1,0.7082775180294112,0.8959554765445363,0.1876779585151252
1517,0,0,1,0.9882932045277584,1.0314222307785308,0.04312902625077241
1518,0,0,1,1.0084962779540911,1.0411961288656029,0.03269985091151167
1519,0,0,1,1.0502244550749071,1.061383500456628,0.011159045381721017
1520,1,1,1,1.1014112389726831,0.020459302917589888,1.121870541890273
1521,1,1,1,0.1981774410519011,0.457428218655438,0.6556056597073391
1522,1,1,1,0.5876231589954479,0.2690211046830879,0.8566442636785357
1523,1,1,1,0.28754013187706473,0.41419609181609995,0.7017362236931647
1524,1,0,0,0.1329248398810703,0.6176097851896635,0.4846849453085932
1525,0,0,1,0.9994844947057685,1.0368363837321182,0.03735188902634969
1526,0,0,1,0.8045954992524107,0.9425524527847499,0.1379569535323392
1527,1,1,1,0.6815282431135292,0.22359144639991954,0.9051196895134488
1528,0,0,1,1.0009855282729512,1.0375625578543086,0.0365770295813575
1529,1,1,1,1.0589701984843922,0.04099154549713645,1.0999617439815286
1530,1,1,1,0.911739097412108,0.1122194100284945,1.0239585074406026
1531,0,0,1,0.3738440808709087,0.7341623541458443,0.3603182732749356
1532,1,1,1,0.19633748339608276,0.458318358399674,0.6546558417957568
1533,0,0,1,0.7910592686901605,0.936003858162206,0.14494458947204542
1534,0,0,1,0.7924444716132883,0.9366739954187938,0.14422952380550547
1535,1,1,1,0.5520751465612656,0.2862186193086007,0.8382937658698663
1536,1,1,1,0.59639080182739,0.26477947046759487,0.8611702722949849
1537,0,0,1,0.6580633640236437,0.871662735859784,0.2135993718361403
1538,0,0,1,0.8690028380068044,0.9737116111841083,0.10470877317730388
1539,1,1,1,0.35146220587101296,0.3832716961290158,0.7347339020000287
1540,0,0,1,0.8801423838002308,0.979100731097879,0.0989583472976482
1541,1,1,1,0.272206692494209,0.42161414503452715,0.6938208375287361
1542,0,0,1,0.4344415781611019,0.7634783770274917,0.32903679886638976
1543,0,0,1,1.0048941494893193,1.0394534813105367,0.034559331821217364
1544,0,0,1,1.0229000090510514,1.048164405268132,0.025264396217080695
1545,1,1,1,0.3337782919813064,0.39182686832936375,0.7256051603106701
1546,0,0,1,0.45112997440861574,0.771551934981663,0.3204219605730472
1547,1,1,1,1.002679348943909,0.0682240865582544,1.0709034355021634
1548,0,0,1,0.9348606675551223,1.005572491984652,0.07071182442952968
1549,0,0,1,0.7964526575252666,0.9386130865556231,0.14216042903035653
1550,1,1,1,1.083679533221219,0.02903759599545744,1.1127171292166764
1551,0,0,1,0.6648304568000641,0.874936538500935,0.21010608170087083
1552,1,1,1,1.0267647754353086,0.05657197309299448,1.0833367485283032
1553,0,0,1,0.05876229405906619,0.5817312260493844,0.5229689319903182
1554,0,0,1,0.5474643339747531,0.8181568347814898,0.2706925008067367
1555,0,0,1,0.9675398044448872,1.0213820941572467,0.053842289712359534
1556,1,0,0,0.17279130938199067,0.6368964947793782,0.4641051853973875
1557,1,1,1,0.045471289114492275,0.531304818260318,0.5767761073748102
1558,0,0,1,0.998265029368641,1.0362464274579275,0.037981398089286446
1559,0,0,1,0.9682308871570598,1.0217164280408086,0.05348554088374875
1560,0,0,1,0.6308587368022187,0.8585016069390513,0.2276428701368326
1561,0,0,1,0.1688534335521526,0.6349914184462785,0.4661379848941259
1562,0,0,1,1.0706989503192699,1.0712887077327553,0.0005897574134854028
1563,0,0,1,1.0131738404655057,1.043459052843441,0.030285212377935446
1564,0,0,1,0.6103089730911622,0.8485599860783615,0.23825101298719933
1565,1,1,1,1.0123888566744508,0.06352679436753952,1.0759156510419903
1566,0,0,1,0.6881696111560547,0.8862276183925999,0.19805800723654526
1567,0,0,1,1.018498269037939,1.0460349194524803,0.027536650414541324
1568,1,0,0,0.0957179761936735,0.5996097469704187,0.5038917707767452
1569,0,0,1,0.9815268434615904,1.028148782126166,0.04662193866457549
1570,1,0,0,0.11781413261161539,0.6102994859218931,0.4924853533102777
1571,0,0,1,0.9778694315975104,1.0263793894170659,0.04850995781955549
1572,1,1,1,0.8285850191850399,0.15244791729395113,0.981032936478991
1573,1,1,1,0.20975376843853094,0.4518277913485696,0.6615815597871005
1574,0,0,1,0.8057020133118591,0.943087765181074,0.1373857518692149
1575,0,0,1,0.9680109969669728,1.0216100489635809,0.05359905199660809
1576,0,1,0,0.02455881037688279,0.5414219143880311,0.5659807247649139
1577,0,1,0,0.06745199953664005,0.5206709300882592,0.5881229296248992
1578,0,0,1,0.7976840074355656,0.9392087923811091,0.14152478494554355
1579,0,0,1,0.688582081520795,0.8864271644331372,0.19784508291234215
1580,1,1,1,1.1233761769856097,0.009833045164777862,1.1332092221503876
1581,0,0,1,0.9348868410753799,1.0055851542818273,0.0706983132064474
1582,1,1,1,1.1320573482004466,0.005633244424577315,1.1376905926250238
1583,0,0,1,0.1048773682933844,0.6040409027175152,0.4991635344241308
1584,0,0,1,0.9843147304254548,1.0294975137022029,0.04518278327674803
1585,0,0,1,0.6995918963900081,0.8917535227657739,0.19216162637576586
1586,1,1,1,0.4244226779315906,0.34797467951889516,0.7723973574504858
1587,1,1,1,0.13049277805790455,0.4901728899339615,0.6206656679918661
1588,1,0,0,0.20820907122518817,0.6540309964179458,0.44582192519275765
1589,1,1,1,0.37398310655972894,0.3723764732331924,0.7463595797929213
1590,0,0,1,0.7888508334774974,0.9349354553382903,0.14608462186079285
1591,1,1,1,0.5756298255821337,0.274823272305427,0.8504530978875607
1592,0,0,1,1.0070592479428462,1.040500918558657,0.033441670615810694
1593,0,0,1,0.17728570560532114,0.639070806069684,0.4617851004643629
1594,0,0,1,0.8403296406527897,0.9598400133903109,0.1195103727375212
1595,1,1,1,1.1005711671860305,0.020865715142863756,1.1214368823288943
1596,1,1,1,0.8147485000069032,0.15914178636392426,0.9738902863708275
1597,0,0,1,0.8750384933552282,0.9766315570269668,0.10159306367173855
1598,0,0,1,0.9631174256519146,1.0192426236562582,0.056125198004343596
1599,1,1,1,1.141505542108272,0.0010623713493145136,1.1425679134575866
1600,0,0,1,0.07941432184436281,0.5917223205034479,0.512307998659085
1601,0,0,1,0.5251237983256241,0.8073488693775437,0.2822250710519197
1602,1,1,1,0.5135856448460142,0.30483917565903806,0.8184248205050523
1603,0,0,1,0.2216025647200217,0.6605105373118447,0.438907972591823
1604,0,0,1,0.942621065299045,1.0093268384181695,0.0667057731191245
1605,1,0,0,0.19795866343462465,0.6490720261176491,0.4511133626830245
1606,0,0,1,1.021195050200361,1.0473395756148587,0.026144525414497737
1607,1,1,1,0.3694720624957717,0.3745588384613434,0.7440309009571151
1608,0,0,1,0.9232296653863217,0.9999456139622122,0.07671594857589054
1609,1,1,1,0.43391480435057567,0.3433825526532946,0.7772973570038703
1610,1,0,0,0.02312951141045949,0.5644927010578189,0.5413631896473594
1611,0,0,1,0.6225550157929346,0.8544844100910491,0.23192939429811457
1612,0,0,1,0.47496290278347336,0.7830818942179013,0.30811899143442795
1613,0,0,1,0.7101723328927542,0.8968721552585802,0.18669982236582602
1614,1,1,1,0.5520024702910862,0.2862537788332479,0.838256249124334
1615,1,1,1,0.8756906637997866,0.1296590197794634,1.00534968357925
1616,0,0,1,0.9832821737452141,1.0289979806089535,0.04571580686373949
1617,1,1,1,0.696666738390906,0.21626770377371854,0.9129344421646245
1618,1,1,1,1.0289731486380553,0.055503600268405756,1.084476748906461
1619,0,0,1,0.5185463355757214,0.8041668064689731,0.2856204708932517
1620,1,1,1,0.27569347547094114,0.41992729963496045,0.6956207751059016
1621,0,0,1,1.0406397093732762,1.0567465659812953,0.01610685660801904
1622,1,1,1,1.1433256624769688,0.00018182854206713755,1.143507491019036
1623,1,1,1,0.9754830569557708,0.08138118303704332,1.056864239992814
1624,1,1,1,0.13630793241806533,0.48735961866194194,0.6236675510800073
1625,1,1,1,0.03632766912340013,0.535728343733594,0.5720560128569941
1626,0,0,1,0.7174530052318792,0.9003944188244405,0.1829414135925613
1627,1,1,1,0.15371271983221707,0.4789394830309271,0.6326522028631442
1628,1,0,0,0.0828837526735251,0.5934007712336313,0.5105170185601062
1629,1,1,1,0.9311319885058954,0.10283746416488579,1.0339694526707812
1630,1,0,0,0.11983140906079098,0.6112754094366785,0.4914440003758875
1631,0,0,1,0.29122261888623585,0.6941915174220343,0.4029688985357985
1632,0,0,1,0.8745278573910893,0.9763845201644178,0.10185666277332855
1633,0,0,1,0.8313925501076588,0.955516403296948,0.12412385318928923
1634,1,1,1,0.501002910362913,0.3109264853420402,0.8119293957049531
1635,1,1,1,0.6550859493826426,0.23638377154076923,0.8914697209234119
1636,1,0,0,0.19779511776535236,0.6489929055467183,0.45119778778136593
1637,0,0,1,0.8489053440243026,0.963988790608973,0.11508344658467037
1638,0,0,1,0.6978111136890756,0.8908920108429668,0.19308089715389123
1639,1,1,1,0.889687282099607,0.12288769751877279,1.0125749796183798
1640,0,0,1,0.9837476885343406,1.0292231886261167,0.04547550009177616
1641,1,1,1,1.0251043128262982,0.05737527623283805,1.0824795890591363
1642,0,0,1,0.4301207247122095,0.7613880227349807,0.3312672980227712
1643,0,0,1,0.9455456368768379,1.0107416956503588,0.06519605877352085
1644,1,1,1,0.9331192525276286,0.10187606014428724,1.0349953126719158
1645,1,1,1,0.2294358496793481,0.44230594028513276,0.6717417899644809
1646,1,1,1,0.9872158899278485,0.07570504103024063,1.0629209309580891
1647,1,1,1,1.0613375322539413,0.03984627029502282,1.1011838025489642
1648,1,1,1,1.023128863348042,0.05833096458129847,1.0814598279293404
1649,1,1,1,0.0024920546762096096,0.5520974297801388,0.5545894844563484
1650,1,1,1,0.49509253918454094,0.31378582086664814,0.8088783600511891
1651,1,1,1,0.596325908118929,0.26481086492326034,0.8611367730421894
1652,0,0,1,0.872534401876653,0.9754201208065549,0.10288571892990198
1653,1,1,1,0.34795600533615545,0.38496793540793006,0.7329239407440855
1654,0,0,1,0.8504274197712308,0.9647251445743994,0.11429772480316855
1655,1,0,0,0.07548794990165564,0.5898228095523101,0.5143348596506545
1656,0,0,1,0.8201882062081328,0.9500959351782835,0.1299077289701507
1657,0,0,1,0.4017911196635825,0.7476826489658897,0.34589152930230715
1658,0,0,1,0.5450901102408006,0.8170082263335635,0.271918116092763
1659,1,1,1,0.43364114428584144,0.34351494466745847,0.7771560889532999
1660,0,0,1,1.0186255695542388,1.0460965052442304,0.027470935689991614
1661,1,1,1,0.19329336946993253,0.45979104815591915,0.6530844176258517
1662,1,1,1,0.03701103760594826,0.5353977418611265,0.5724087794670748
1663,1,1,1,0.228232642854529,0.44288803097179646,0.6711206738263255
1664,1,1,1,0.20862658771596598,0.4523731019196683,0.6609996896356343
1665,0,0,1,0.8471259388754454,0.9631279451220743,0.11600200624662889
1666,0,0,1,0.0062533501655551715,0.5563283056399564,0.5500749554744012
1667,1,1,1,0.24987921538607039,0.43241579294181753,0.6822950083278879
1668,1,1,1,0.9283212753152511,0.10419723867530951,1.0325185139905606
1669,1,1,1,0.44722344903912603,0.33694406014683265,0.7841675091859587
1670,0,0,1,0.9309478042243192,1.003679516266707,0.07273171204238771
1671,0,0,1,0.959517951399227,1.0175012601631694,0.057983308763942414
1672,1,0,0,0.3768634662999073,0.7356230806821423,0.358759614382235
1673,1,1,1,0.9887334797809862,0.07497085726277444,1.0637043370437607
1674,1,0,0,0.03801505162279628,0.571694068391205,0.5336790167684087
1675,0,0,1,1.038054985978237,1.05549612143193,0.017441135453692972
1676,1,1,1,0.10941966839838757,0.5003676965281579,0.6097873649265455
1677,1,1,1,0.633904244680916,0.2466311145413293,0.8805353592222452
1678,1,1,1,1.042107315446956,0.04914951714749402,1.09125683259445
1679,1,1,1,0.3297520253907977,0.39377470658627584,0.7235267319770735
1680,0,0,1,0.5254338777249985,0.8074988804369717,0.28206500271197316
1681,0,0,1,0.89124052809099,0.9844698216795188,0.09322929358852887
1682,0,0,1,0.9690161599512875,1.0220963294597347,0.05308016950844715
1683,1,1,1,0.5823359940127855,0.27157894381080805,0.8539149378235935
1684,0,0,1,0.661474212416524,0.8733128454188086,0.21183863300228453
1685,1,1,1,1.0391577922368493,0.05057644554856899,1.0897342377854182
1686,0,0,1,0.742239831376266,0.9123858573310908,0.17014602595482478
1687,1,1,1,0.5272559887557653,0.29822569931464277,0.825481688070408
1688,0,1,0,0.4435553858140526,0.3387186058004694,0.782273991614522
1689,0,0,1,0.23019438922991392,0.664667113658899,0.43447272442898505
1690,1,1,1,0.37263017650055436,0.3730309974354395,0.7456611739359938
1691,1,1,1,0.9542974715412788,0.09163040345943295,1.0459278750007117
1692,1,1,1,0.7622001940414973,0.18456374946408943,0.9467639435055867
1693,1,1,1,0.4260472107577732,0.3471887585876018,0.773235969345375
1694,0,0,1,0.347762386390233,0.7215444806959557,0.3737820943057227
1695,0,1,0,0.1693918060025531,0.47135421186483095,0.640746017867384
1696,0,0,1,1.0330355541230702,1.0530678069684754,0.020032252845405024
1697,1,1,1,1.0561066266825976,0.042376892090950836,1.0984835187735484
1698,0,0,1,1.0001535439052778,1.0371600581826954,0.037006514277417746
1699,1,1,1,1.0820589405396106,0.02982161075283835,1.111880551292449
1700,1,1,1,0.9759039818752184,0.08117754682891926,1.0570815287041377
1701,1,1,1,0.9162608032893884,0.11003188679915009,1.0262926900885385
1702,0,0,1,0.8384707223087673,0.9589407007925067,0.12046997848373946
1703,0,0,1,0.2127516315989289,0.6562286086925934,0.44347697709366446
1704,1,1,1,0.06317975150259691,0.522737769920312,0.5859175214229089
1705,1,1,1,1.120154017904892,0.011391870092584074,1.1315458879974762
1706,1,1,1,0.2378682412452452,0.4382264948435327,0.6760947360887779
1707,1,1,1,0.16575952916825804,0.4731114446805153,0.6388709738487733
1708,0,0,1,0.17662677051233167,0.6387520246492057,0.462125254136874
1709,0,0,1,0.9128658126068196,0.9949317609350662,0.08206594832824654
1710,1,1,1,0.7728004232098175,0.17943554162142872,0.9522359648312462
1711,1,1,1,0.3830473843927851,0.367991332126012,0.7510387165187971
1712,0,0,1,0.9661328256872505,1.020701422127916,0.0545685964406656
1713,0,0,1,0.9376567505661415,1.0069251886667854,0.06926843810064384
1714,1,0,0,0.057363313532686755,0.5810544234262346,0.5236911098935478
1715,0,0,1,0.9957970117698183,1.0350524431576698,0.039255431387851474
1716,0,0,1,0.18977390563742713,0.6451123816175748,0.45533847598014765
1717,1,1,1,0.7838198214432144,0.1741045470226711,0.9579243684658855
1718,0,0,1,0.8888599119073641,0.9833181206748159,0.09445820876745176
1719,0,0,1,0.714424879904925,0.898929464076419,0.1845045841714941
1720,0,1,0,0.4583478425174197,0.3315622706614955,0.7899101131789152
1721,0,0,1,0.84292913140199,0.9610976021306387,0.11816847072864865
1722,1,1,1,0.941920487016637,0.09761817486511624,1.0395386618817533
1723,0,1,0,0.5513780483895215,0.2865558633676373,0.8379339117571588
1724,0,0,1,0.31005099987889334,0.7033003630458362,0.39324936316694287
1725,0,0,1,0.8713647202851065,0.9748542490488847,0.1034895287637782
1726,0,0,1,0.966693727188682,1.0209727765894967,0.05427904940081477
1727,1,0,0,0.2766887008916924,0.6871602588463278,0.4104715579546354
1728,0,0,1,0.9343864234303235,1.0053430608656158,0.07095663743529224
1729,0,0,1,0.7514616290534875,0.9168472038190604,0.16538557476557286
1730,0,1,0,0.026469235537630698,0.5404976836816382,0.5669669192192689
1731,0,0,1,1.041032082401328,1.0569363892773536,0.01590430687602562
1732,0,1,0,0.6533929042248279,0.23720283755513732,0.8905957417799653
1733,1,1,1,1.033680781929504,0.053226128566404476,1.0869069104959084
1734,1,1,1,0.9628040361062543,0.08751507440158764,1.050319110507842
1735,0,0,1,1.0577624202562321,1.0650302378569951,0.007267817600763033
1736,1,1,1,0.9505656313261835,0.09343580331963619,1.0440014346458197
1737,0,0,1,1.0023318145199938,1.0382138678949617,0.03588205337496787
1738,0,0,1,0.6400557121956807,0.8629509448347323,0.22289523263905167
1739,0,0,1,0.8875752205780802,0.9826966091918452,0.09512138861376501
1740,0,1,0,0.5207312393963193,0.3013822603950867,0.822113499791406
1741,1,1,1,0.6662002302191283,0.23100687437692885,0.8972071045960571
1742,0,0,1,0.7234239836981636,0.9032830751084641,0.17985909141030043
1743,0,0,1,0.8246244099351399,0.9522420939436494,0.12761768400850962
1744,0,0,1,0.2816107352044863,0.6895414540604984,0.40793071885601206
1745,1,1,1,0.9594164822642235,0.08915391445912671,1.0485703967233502
1746,0,0,1,0.986003591258095,1.0303145554123,0.04431096415420513
1747,0,0,1,0.9819003494651704,1.0283294778815524,0.04642912841638198
1748,1,1,1,1.0116270292496232,0.06389535332156951,1.0755223825711928
1749,1,1,1,0.5100902862476622,0.3065301697962734,0.8166204560439355
1750,0,0,1,0.2006411061768068,0.65036974559989,0.4497286394230832
1751,1,0,0,0.18736895938259956,0.6439489101445199,0.4565799507619204
1752,1,1,1,0.45666227830756717,0.33237771752240935,0.7890399958299765
1753,1,1,1,0.5592081208551638,0.2827678095067912,0.8419759303619551
1754,1,1,1,1.0180126866021104,0.060806082552458465,1.078818769154569
1755,1,1,1,0.906676058000544,0.11466882107478392,1.021344879075328
1756,0,0,1,0.14777817735812393,0.6247955733957484,0.4770173960376245
1757,0,0,1,1.0410231515252797,1.0569320686737265,0.015908917148446784
1758,0,0,1,0.6068527788728008,0.8468879389919335,0.24003516011913273
1759,1,1,1,0.5567122673032726,0.28397526036051357,0.8406875276637862
1760,1,1,1,1.088601700496158,0.026656336456496947,1.1152580369526548
1761,1,1,1,0.8664327169087446,0.13413785463290848,1.000570571541653
1762,1,0,0,0.11860907954785155,0.6106840675236842,0.49207498797583266
1763,0,0,1,0.966219429683953,1.020743319646172,0.05452388996221896
1764,1,0,0,0.10398729245537286,0.6036102993955894,0.49962300694021655
1765,1,1,1,1.097748451368274,0.022231296317040856,1.1199797476853148
1766,1,1,1,0.3161285019187442,0.4003655320113386,0.7164940339300828
1767,0,0,1,0.8610524541480873,0.9698653527486506,0.10881289860056327
1768,0,0,1,1.0456720873820384,1.0591811435703247,0.013509056188286182
1769,0,0,1,0.5161700125533963,0.8030171824215796,0.28684716986818326
1770,1,1,1,0.5673772233645673,0.27881573876463944,0.8461929621292067
1771,1,0,0,0.04990252156134112,0.5774450210923435,0.5275424995310024
1772,1,1,1,0.837227553191241,0.14826680856815874,0.9854943617593998
1773,1,1,1,0.4039555305327234,0.3578763320342433,0.7618318625669667
1774,1,1,1,0.005252668554990292,0.5507618924517543,0.5560145610067446
1775,0,0,1,0.8568898085236162,0.9678515366698975,0.1109617281462814
1776,0,0,1,0.9003866749646566,0.9888945696149539,0.08850789465029733
1777,1,1,1,0.5325758155086255,0.29565205898645563,0.8282278744950812
1778,1,1,1,0.19774932626037223,0.457635333199531,0.6553846594599032
1779,1,1,1,0.4446100660346158,0.3382083697204085,0.7828184357550243
1780,0,0,1,0.6451526042493685,0.8654167332047642,0.22026412895539565
1781,1,1,1,0.214797710493687,0.44938761927356563,0.6641853297672526
1782,0,0,1,0.3132913620962542,0.7048679943368458,0.3915766322405916
1783,1,1,1,0.4935674956191257,0.31452361061141465,0.8080911062305404
1784,1,1,1,0.3753684309601145,0.37170627720800475,0.7470747081681193
1785,0,0,1,0.6043118502990942,0.8456586816209452,0.24134683132185097
1786,0,0,1,0.5950893301996254,0.8411969856375661,0.24610765543794072
1787,0,0,1,1.0679432170987768,1.0699555315825784,0.002012314483801666
1788,1,1,1,0.6759125591213373,0.2263082173520731,0.9022207764734104
1789,1,1,1,0.08229205373796,0.5134915681016183,0.5957836218395783
1790,1,1,1,1.0039488905878895,0.06760990423145133,1.0715587948193408
1791,0,0,1,0.13303118674314007,0.6176612339652936,0.4846300472221535
1792,1,1,1,0.529895838656794,0.29694858551352216,0.8268444241703161
1793,0,0,1,0.2822561720869255,0.6898537052797795,0.407597533192854
1794,1,1,1,0.9993438128840018,0.06983776131096772,1.0691815741949695
1795,0,0,1,0.3872896432702964,0.7406670850767182,0.3533774418064218
1796,1,1,1,0.47290651243288484,0.3245190375338264,0.7974255499667112
1797,0,1,0,0.09834120968312621,0.5057272635682731,0.6040684732513993
1798,0,0,1,0.5013141234943438,0.7958301598041805,0.2945160363098367
1799,0,0,1,0.5237621176710767,0.8066901117883475,0.2829279941172708
1800,1,1,1,0.6190797391821824,0.2538029543341307,0.8728826935163131
1801,1,1,1,0.561911581181179,0.2814599220803922,0.8433715032615713
1802,1,1,1,0.5228078987373932,0.3003776084625363,0.8231855071999296
1803,0,0,1,0.7591008319878662,0.920542918296332,0.16144208630846577
1804,1,1,1,0.5158307122394392,0.3037530508185797,0.8195837630580188
1805,1,1,1,0.8142301444279381,0.1593925578428354,0.9736227022707734
1806,1,1,1,1.0433244377935984,0.048560694371644716,1.0918851321652432
1807,0,1,0,0.5646174143125261,0.2801508867317438,0.8447683010442699
1808,0,0,1,0.42472975688629405,0.7587799655840076,0.33405020869771357
1809,1,1,1,1.128821142138773,0.007198865039227669,1.1360200071780007
1810,0,0,1,1.069076642244841,1.0705038630979467,0.0014272208531056867
1811,0,0,1,0.12720849351232072,0.6148443155178194,0.48763582200549865
1812,0,0,1,0.4543000142452501,0.7730855455190992,0.3187855312738492
1813,1,1,1,0.9753813907317597,0.08143036740079897,1.0568117581325587
1814,0,0,1,0.2738119039896034,0.6857685141773423,0.4119566101877389
1815,0,0,1,0.8835217348522625,0.9807356027872501,0.09721386793498762
1816,1,1,1,0.6756647346971305,0.2264281105294412,0.9020928452265717
1817,1,1,1,0.6135285811774366,0.25648850872769646,0.870017089905133
1818,1,1,1,1.1247487300407255,0.009169027695915107,1.1339177577366406
1819,1,1,1,0.01336767680086659,0.5468359915802777,0.5602036683811443
1820,0,1,0,0.27567406540149403,0.4199366898914148,0.6956107552929088
1821,1,1,1,0.01186386357613678,0.5475635104527946,0.5594273740289314
1822,1,1,1,1.0754839381458234,0.033002483383602,1.1084864215294254
1823,0,0,1,0.6670611407887626,0.8760157048985379,0.20895456410977536
1824,1,1,1,0.7959992026510972,0.16821237268971587,0.9642115753408131
1825,1,1,1,0.08053239551367508,0.5143428603673694,0.5948752558810445
1826,0,0,1,0.6072658139945055,0.8470877582521388,0.23982194425763323
1827,1,1,1,0.5213351628130551,0.30109009267372017,0.8224252554867754
1828,0,0,1,0.6057265024331707,0.8463430658973049,0.24061656346413415
1829,0,0,1,1.058976440279891,1.0656175597825512,0.006641119502660423
1830,0,0,1,0.7003738258088262,0.8921318067174053,0.19175798090857912
1831,1,1,1,0.07725252986804898,0.5159296027348874,0.5931821326029364
1832,0,0,1,0.42120858910510883,0.7570764854097521,0.3358678963046433
1833,0,0,1,0.9697906831747592,1.0224710304219367,0.052680347247177385
1834,1,1,1,0.893309485967777,0.1211353378301747,1.0144448237979518
1835,1,1,1,0.29388680497117065,0.4111256809580717,0.7050124859292424
1836,0,0,1,1.0524142814685256,1.0624429006551994,0.010028619186673884
1837,1,1,1,0.3993525877545935,0.36010315627354084,0.7594557440281343
1838,1,1,1,0.725447468041845,0.2023440837113768,0.9277915517532218
1839,0,0,1,0.9222658421112488,0.999479332903597,0.07721349079234818
1840,0,0,1,0.7586110659998502,0.9203059779678796,0.1616949119680295
1841,0,0,1,0.6817913005272829,0.8831419018415702,0.20135060131428728
1842,1,0,0,0.07660412741679767,0.5903627969616446,0.513758669544847
1843,0,0,1,0.8966087135547995,0.987066857117077,0.09045814356227745
1844,1,1,1,0.25001536839529453,0.43234992446684234,0.6823652928621369
1845,1,1,1,0.17214623173475413,0.47002166825491404,0.6421678999896682
1846,1,1,1,1.0869997353427507,0.027431339537366442,1.1144310748801172
1847,1,1,1,0.12722045723378533,0.4917559822471072,0.6189764394808925
1848,0,0,1,0.2587243495834673,0.6784694158650764,0.41974506628160907
1849,1,1,1,1.1419279346622382,0.0008580251249513644,1.1427859597871894
1850,1,1,1,0.47031417888421334,0.32577316374411813,0.7960873426283315
1851,0,0,1,0.13440768419561389,0.6183271596654921,0.48391947546987824
1852,1,1,1,0.6844493329983797,0.2221782735506592,0.906627606549039
1853,0,0,1,0.40447477483877076,0.7489809550022843,0.3445061801635136
1854,0,0,1,0.6147085419765956,0.8506884215399301,0.2359798795633344
1855,0,0,1,1.0259088846280806,1.0496200473195159,0.023711162691435257
1856,1,1,1,0.2900345866347286,0.41298931767487246,0.703023904309601
1857,0,0,1,0.8302207546360598,0.9549495088806077,0.12472875424454788
1858,0,0,1,0.8898930811642796,0.9838179501220834,0.0939248689578038
1859,0,0,1,0.7499245095133494,0.9161035719262328,0.1661790624128834
1860,1,1,1,1.0618108335250518,0.03961729531232119,1.101428128837373
1861,1,1,1,0.42059070583832986,0.3498285214528268,0.7704192272911566
1862,1,1,1,0.8850217096319583,0.12514482092046345,1.0101665305524217
1863,1,1,1,0.8431411457983277,0.14540591457196148,0.9885470603702892
1864,1,1,1,0.18921740577621654,0.4617629290132674,0.6509803347894839
1865,0,0,1,0.713047609047357,0.8982631642161899,0.1852155551688329
1866,0,0,1,1.0280331907775058,1.0506477499552525,0.022614559177746678
1867,1,1,1,0.04134294774453262,0.5333020385330531,0.5746449862775858
1868,0,0,1,0.6058729620822336,0.8464139205466744,0.24054095846444076
1869,1,1,1,0.8376721667187808,0.1480517122204593,0.9857238789392401
1870,1,0,0,0.4332024963829971,0.7628789306578636,0.3296764342748665
1871,0,0,1,0.6866394240033522,0.8854873402691156,0.19884791626576337
1872,1,1,1,0.5130593475565322,0.30509378920037156,0.8181531367569037
1873,0,0,1,0.7273476226497222,0.9051812638856733,0.17783364123595116
1874,0,0,1,0.9852772664873519,1.0299631720293092,0.044685905541957255
1875,1,1,1,0.42899639389321803,0.3457619947087764,0.7747583886019944
1876,0,0,1,1.048591812364606,1.0605936561034277,0.01200184373882158
1877,0,0,1,0.8000598275027989,0.9403581731075135,0.14029834560471452
1878,1,1,1,1.1187516877249508,0.012070293220290362,1.1308219809452411
1879,0,0,1,0.9475192694213157,1.0116965049976292,0.06417723557631345
1880,0,0,1,1.0381884693195753,1.055560698367678,0.017372229048102636
1881,1,0,0,0.23834686309927522,0.668611139752117,0.4302642766528417
1882,1,1,1,0.4713664652774072,0.3252640857564054,0.7966305510338126
1883,1,1,1,0.4589837040565963,0.3312546518279521,0.7902383558845484
1884,0,0,1,0.6104685002900987,0.8486371625827289,0.23816866229263023
1885,1,1,1,0.6330154201717955,0.24706111249194376,0.8800765326637392
1886,1,1,1,0.7880951343968883,0.1720362244354214,0.9601313588323097
1887,0,0,1,0.4955195670165769,0.7930268534320095,0.2975072864154326
1888,0,0,1,0.7767786407977502,0.9290951369644751,0.15231649616672496
1889,0,0,1,0.49942730781141215,0.7949173509555018,0.2954900431440896
1890,0,0,1,0.8668883465474124,0.9726886567259443,0.10580031017853186
1891,0,0,1,0.9663224928436999,1.0207931798233163,0.05447068697961648
1892,1,1,1,0.8770902638948782,0.12898191741966836,1.0060721813145466
1893,0,0,1,0.38917770576154453,0.7415804971097324,0.35240279134818786
1894,1,1,1,0.6504449937247492,0.23862898575494662,0.8890739794796958
1895,0,0,1,0.002871689028624669,0.5546923163713984,0.5518206273427737
1896,0,0,1,0.7612259192257943,0.9215709988091996,0.16034507958340527
1897,1,1,1,0.5472167530538521,0.28856902619998287,0.8357857792538349
1898,1,1,1,0.7766197646070696,0.17758781020013803,0.9542075748072076
1899,0,0,1,1.033275506574432,1.0531838918213023,0.019908385246870514
1900,0,0,1,0.8887133413894321,0.9832472123890019,0.09453387099956974
1901,0,0,1,0.6992187629718435,0.8915730072607781,0.1923542442889347
1902,1,1,1,0.3499650717780889,0.38399598375289035,0.7339610555309792
1903,1,1,1,0.1834718123357113,0.46454254791343197,0.6480143602491433
1904,1,1,1,0.6077114457800841,0.25930273839130386,0.8670141841713879
1905,0,0,1,0.7318431259220874,0.9073561107471874,0.17551298482509992
1906,1,1,1,0.9278748501429436,0.10441321146546685,1.0322880616084105
1907,0,0,1,0.5495266124088558,0.8191545294795556,0.2696279170706998
1908,1,1,1,0.14707724244044712,0.4821496124215226,0.6292268548619697
1909,1,1,1,0.5439155081156576,0.29016611150009963,0.8340816196157572
1910,1,1,1,1.0123761812704344,0.06353292650914256,1.075909107779577
1911,0,0,1,0.3967705554849004,0.7452537867038694,0.348483231218969
1912,0,0,1,0.2526820068680225,0.6755462347895206,0.4228642279214981
1913,0,0,1,0.9961369582302775,1.0352169033855507,0.039079945155273244
1914,0,0,1,0.8113940517704359,0.9458414751056893,0.1344474233352534
1915,0,0,1,0.9518232229335238,1.0137786833925753,0.061955460459051453
1916,1,1,1,0.26498982874683547,0.42510553910544985,0.6900953678522853
1917,1,1,1,0.11087409974980061,0.49966406775329913,0.6105381675030997
1918,1,1,1,0.38460386460550394,0.36723833387408117,0.7518421984795851
1919,0,0,1,0.20717988259601372,0.653533092729648,0.44635321013363427
1920,1,1,1,0.17438796986701527,0.46893715405352204,0.6433251239205373
1921,1,1,1,0.8110918098638344,0.16091082991686073,0.9720026397806951
1922,0,0,1,0.667274095513589,0.8761187287174238,0.20884463320383484
1923,1,1,1,0.7659323787216099,0.18275818295765842,0.9486905616792684
1924,0,0,1,0.51926719206486,0.8045155443917419,0.28524835232688184
1925,0,0,1,0.6136424905157738,0.8501726842501737,0.23653019373439982
1926,0,0,1,0.8214031389084107,0.9506836986410292,0.12928055973261854
1927,0,0,1,0.9067060304728282,0.9919517646965865,0.08524573422375839
1928,1,1,1,0.8409603904145082,0.1464609263726167,0.9874213167871249
1929,1,1,1,0.5755159246667864,0.27487837560160067,0.850394300268387
1930,1,1,1,0.6026517720456033,0.26175052118113384,0.8644022932267371
1931,1,1,1,0.6696532322582892,0.22933637161168016,0.8989896038699694
1932,1,1,1,0.976806177389025,0.08074108021710837,1.0575472576061333
1933,1,1,1,0.37031923815194856,0.37414898950665276,0.7444682276586013
1934,0,0,1,1.0285757581401707,1.0509102346770645,0.02233447653689385
1935,1,1,1,0.5954946098746099,0.26521303266024177,0.8607076425348517
1936,1,1,1,0.20858475248203767,0.45239334108349427,0.6609780935655319
1937,0,1,0,0.14412456633158482,0.4835780661405759,0.6277026324721607
1938,0,0,1,0.8046569429498913,0.9425821781846727,0.13792523523478142
1939,0,0,1,0.867444351173522,0.9729576421637962,0.10551329099027415
1940,1,1,1,0.9853910358756228,0.07658787391184502,1.061978909787468
1941,1,1,1,0.28298086082556556,0.4164017884281119,0.6993826492536774
1942,0,0,1,0.7733211411972506,0.927422458356708,0.1541013171594574
1943,1,1,1,0.8481142274941329,0.14300002351530025,0.9911142510094332
1944,0,0,1,0.915157070185761,0.996040231789734,0.08088316160397307
1945,1,1,1,0.5454282680825284,0.28943426434821395,0.8348625324307424
1946,0,0,1,0.977029616050346,1.025973101156032,0.04894348510568607
1947,0,0,1,0.9490213729586046,1.0124231967528825,0.0634018237942779
1948,1,0,0,0.20562864031455996,0.6527826284984224,0.4471539881838624
1949,0,0,1,1.0578311065189467,1.0650634670849244,0.007232360565977602
1950,0,0,1,0.8700192602994511,0.9742033387392242,0.10418407843977306
1951,1,1,1,0.9906152151660225,0.07406050617449847,1.064675721340521
1952,1,0,0,0.04583236625081655,0.5754759502304928,0.5296435839796763
1953,1,1,1,0.9820592179861816,0.07819974987788679,1.0602589678640684
1954,1,1,1,0.5144678798374531,0.3044123656033,0.8188802454407531
1955,0,0,1,0.8071595059658693,0.9437928749612713,0.13663336899540204
1956,0,0,1,0.33389541168354725,0.7148358777671312,0.38094046608358395
1957,1,1,1,0.7630314011642825,0.1841616258101328,0.9471930269744153
1958,1,1,1,0.2973382629593957,0.40945592517800544,0.7067941881374011
1959,1,1,1,0.7254265303592444,0.2023542130006982,0.9277807433599427
1960,0,0,1,0.8315112171459034,0.955573812361085,0.12406259521518165
1961,0,0,1,0.0894148864039479,0.596560420962518,0.5071455345585701
1962,1,1,1,1.0801020999354214,0.03076829644933536,1.1108703963847568
1963,1,1,1,0.9110382489838307,0.11255846839688807,1.0235967173807188
1964,1,1,1,0.46931543109714347,0.326256340678613,0.7955717717757564
1965,1,1,1,0.314713307090624,0.40105017883370625,0.7157634859243303
1966,0,0,1,0.516759395721898,0.8033023158219098,0.2865429201000118
1967,1,1,1,0.3072388541888167,0.40466619008987803,0.7119050442786947
1968,1,1,1,0.5845651089751872,0.2705005364810359,0.8550656454562231
1969,1,1,1,0.8022697188990764,0.16517880519888076,0.9674485240979571
1970,1,1,1,0.3564087774855221,0.38087863019194906,0.7372874076774711
1971,1,1,1,1.0375394449605437,0.05135937401763471,1.0888988189781785
1972,0,0,1,0.3834035101095331,0.7387870409535016,0.35538353084396845
1973,1,1,1,0.6260714484180075,0.2504204861282623,0.8764919345462698
1974,1,1,1,0.2719647028427401,0.4217312154495908,0.6936959182923309
1975,0,0,1,0.05638338242562502,0.5805803496766293,0.5241969672510043
1976,1,1,1,0.9334188929190248,0.10173109929667373,1.0351499922156986
1977,0,0,1,0.9237398602196386,1.0001924374132862,0.07645257719364759
1978,0,0,1,0.9100363806838321,0.993562930625142,0.08352654994130988
1979,0,0,1,0.41566374853460786,0.754393987281794,0.3387302387471861
1980,0,0,1,0.673616155125558,0.8791869076524529,0.20557075252689497
1981,1,1,1,0.9681207170640416,0.08494295595473993,1.0530636730187815
1982,1,1,1,0.18154609348226736,0.46547417744428254,0.6470202709265499
1983,1,1,1,0.4546735456161329,0.3333398320600505,0.7880133776761834
1984,0,0,1,1.0189768052907615,1.0462664270289443,0.027289621738182814
1985,0,0,1,0.9967643452090876,1.035520422373115,0.038756077164027285
1986,1,1,1,0.17621588305752078,0.46805284121363855,0.6442687242711593
1987,1,1,1,0.9842264117296281,0.07715129896468177,1.0613777106943099
1988,0,0,1,0.8345597003307745,0.9570486158892575,0.12248891555848297
1989,0,0,1,0.6754459993303299,0.8800721546836967,0.2046261553533668
1990,0,0,1,0.531897459672787,0.8106258497798035,0.2787283901070165
1991,1,1,1,0.6345525539311868,0.24631747372008703,0.8808700276512739
1992,1,1,1,0.10363501693060595,0.503166211027523,0.606801227958129
1993,0,0,1,0.48494137927018316,0.7879093088486984,0.3029679295785152
1994,0,0,1,1.0372077844624228,1.0550862599667934,0.017878475504370578
1995,0,0,1,0.3658081657843883,0.7302747171792012,0.36446655139481293
1996,0,0,1,1.0527761513695688,1.0626179670650935,0.009841815695524727
1997,0,0,1,0.30901792033551245,0.7028005770004278,0.3937826566649153
1998,1,1,1,0.8300878202687422,0.15172088807778727,0.9818087083465294
1999,0,0,1,0.28911471124773336,0.6931717481027371,0.4040570368550037
2000,1,0,0,0.15815234046619608,0.6298144143818333,0.4716620739156372
2001,1,0,0,0.37539278725841285,0.734911591555363,0.35951880429695016
2002,0,0,1,0.9097948665903,0.9934460902767969,0.0836512236864969
2003,0,0,1,1.0701902091734858,1.0710425875506095,0.0008523783771237427
2004,1,1,1,0.6216583996848745,0.25255544290739795,0.8742138425922724
2005,0,0,1,1.0642581818853267,1.068172775174012,0.003914593288685336
2006,1,1,1,1.0406992974019291,0.049830691966119084,1.0905299893680482
2007,0,0,1,0.2006274494652842,0.6503631387186591,0.4497356892533749
2008,0,0,1,0.9588664190845092,1.0171860600789988,0.05831964099448959
2009,0,0,1,0.9536639759461356,1.0146692079166948,0.061005231970559175
2010,0,0,1,0.8130920994494599,0.9466629612534423,0.1335708618039824
2011,1,1,1,0.6078593703273704,0.25923117504946747,0.8670905453768378
2012,0,0,1,0.9586618402295667,1.0170870883613405,0.05842524813177388
2013,0,0,1,0.5353173490917822,0.8122803332311554,0.27696298413937326
2014,1,1,1,0.36945328226983226,0.3745679240103839,0.7440212062802162
2015,1,1,1,0.01624422269879755,0.5454443683427699,0.5616885910415674
2016,1,1,1,1.0707786096466312,0.03527884006690538,1.1060574497135365
2017,0,0,1,0.3867326913043323,0.740397641332202,0.3536649500278697
2018,1,1,1,0.8688390867002768,0.13297369447737548,1.0018127811776523
2019,0,0,1,1.0587895687339515,1.0655271545552454,0.006737585821293899
2020,1,1,1,1.0939935043580458,0.024047874845755764,1.1180413792038015
2021,1,1,1,1.113853605221238,0.014439900962791507,1.1282935061840296
2022,1,1,1,0.6422177531080769,0.24260918270955276,0.8848269358176297
2023,0,0,1,0.9276486897459796,1.0020834616462824,0.0744347719003028
2024,1,1,1,0.5321334850543002,0.2958660508227546,0.8279995358770548
2025,1,1,1,0.6735493832634581,0.22745148102831325,0.9010008642917714
2026,0,0,1,0.8267318315421675,0.9532616281293113,0.12652979658714378
2027,0,0,1,1.0289867052177422,1.0511090437775714,0.022122338559829174
2028,1,1,1,0.6261996227347084,0.2503584776069656,0.876558100341674
2029,0,0,1,0.9794114362289351,1.0271253846327093,0.04771394840377423
2030,0,1,0,0.8606508563263423,0.13693501895011587,0.9975858752764581
2031,0,0,1,0.918193585661319,0.9975092455467813,0.07931565988546235
2032,1,1,1,0.30874429844295526,0.40393788215349546,0.7126821805964507
2033,0,1,0,0.15364372145719019,0.47897286325340394,0.6326165847105941
2034,0,0,1,0.8348373294623522,0.9571829280694284,0.12234559860707613
2035,0,0,1,0.2381024014810293,0.6684928734422088,0.43039047196117947
2036,1,1,1,0.1595294988098664,0.47612542579701805,0.6356549246068844
2037,0,1,0,0.14212935739171179,0.48454331377538956,0.6266726711671013
2038,0,0,1,0.9092843494866668,0.9931991109169083,0.0839147614302415
2039,0,1,0,0.0922719941785759,0.5086634452351989,0.6009354394137748
2040,1,1,1,1.0028510119390253,0.06814103896523815,1.0709920509042634
2041,0,0,1,1.0474773486853417,1.0600544978182989,0.012577149132957094
2042,1,1,1,0.8922465827564012,0.12164955205120842,1.0138961348076097
2043,1,1,1,0.06380233021385295,0.5224365770895684,0.5862389073034213
2044,1,0,0,0.2982731154397278,0.6976024259171381,0.39932931047741027
2045,1,1,1,0.38888926124077705,0.3651651329757838,0.7540543942165608
2046,0,1,0,0.38528792761771213,0.3669073960001563,0.7521953236178684
2047,0,0,1,0.6429825902624289,0.864366917906453,0.22138432764402413
2048,0,0,1,0.6842157688083675,0.8843148177338509,0.20009904892548339
2049,1,1,1,0.775601425937963,0.17808046486509607,0.9536818908030591
2050,1,1,1,0.5664192830643837,0.27927917374158157,0.8456984568059653
2051,1,1,1,0.8967880555544749,0.11945246592689004,1.016240521481365
2052,1,1,1,0.988834933105469,0.07492177589613454,1.0637567090016036
2053,1,1,1,1.1422651421046632,0.0006948899867019808,1.1429600320913653
2054,1,1,1,0.2227516014044052,0.4455396641869044,0.6682912655913096
2055,0,0,1,0.947430648814166,1.011653631878059,0.06422298306389285
2056,1,1,1,0.38555964209392607,0.366775945228125,0.7523355873220511
2057,1,0,0,0.05274294903261001,0.5788191708586715,0.5260762218260615
2058,0,0,1,1.0691014373129806,1.0705158585237884,0.0014144212108077152
2059,1,1,1,0.8475077242609865,0.14329343930730176,0.9908011635682883
2060,0,0,1,0.839797939100227,0.9595827853598118,0.11978484625958469
2061,0,0,1,0.8858462156465626,0.9818601464598595,0.09601393081329693
2062,1,1,1,0.5859758298056209,0.2698180541014987,0.8557938839071196
2063,0,0,1,0.8809501647976156,0.9794915215968544,0.09854135679923878
2064,1,1,1,0.12212447835111484,0.4942213288407682,0.616345807191883
2065,1,1,1,0.23256914630060754,0.4407901054808677,0.6733592517814753
2066,1,1,1,1.0650146161001879,0.03806736062061711,1.1030819767208049
2067,0,0,1,0.8733312005410695,0.9758055982424668,0.1024743977013973
2068,0,0,1,1.0663022308228485,1.0691616507563917,0.0028594199335432494
2069,0,0,1,1.0530830686084598,1.0627664483258792,0.009683379717419387
2070,0,0,1,0.882095535366347,0.9800456321014532,0.0979500967351062
2071,1,0,0,0.17312687287688117,0.6370588346041954,0.46393196172731427
2072,1,1,1,1.1383319088180437,0.0025977203375532015,1.1409296291555968
2073,1,0,0,0.3573185997831398,0.7261676117329812,0.3688490119498414
2074,0,0,1,0.7675601744501683,0.9246354021162648,0.15707522766609644
2075,0,0,1,0.8781861699858867,0.9781543486314865,0.09996817864559979
2076,0,0,1,0.3542502834034297,0.7246832132475957,0.370432929844166
2077,1,1,1,0.7865978909511089,0.17276056496231923,0.959358455913428
2078,1,1,1,1.1288838155875112,0.007168544706879979,1.136052360294391
2079,1,1,1,0.6927656559457487,0.21815498010260306,0.9109206360483517
2080,0,0,1,0.805677413598814,0.943075864264654,0.13739845066584
2081,0,0,1,0.2218678378801306,0.6606388718863635,0.4387710340062329
2082,1,1,1,0.18649565459120282,0.46307966524143046,0.6495753198326333
2083,0,0,1,0.7063117541892633,0.8950044739405556,0.1886927197512923
2084,0,0,1,0.617855525245702,0.8522108777081028,0.23435535246240077
2085,1,1,1,0.13889526367101057,0.4861079124759503,0.6250031761469609
2086,0,0,1,0.9154566975420311,0.9961851863311785,0.0807284887891474
2087,0,0,1,0.915608111821746,0.9962584379453082,0.08065032612356228
2088,0,0,1,0.5427292072098853,0.8158660622117646,0.2731368550018794
2089,1,1,1,0.38996710785090966,0.3646436893964519,0.7546107972473616
2090,1,1,1,0.9528222248534717,0.09234410233463092,1.0451663271881027
2091,0,0,1,1.0534976796756739,1.0629670300013108,0.009469350325636939
2092,0,0,1,0.8652022251847215,0.9718729403241073,0.10667071513938589
2093,0,0,1,1.0277611777209554,1.0505161547352098,0.02275497701425434
2094,0,0,1,0.9746839665619038,1.0248383164347061,0.05015434987280235
2095,0,0,1,1.0376719330170436,1.0553108070232928,0.01763887400624912
2096,1,1,1,1.0825008046164932,0.029607844541893476,1.1121086491583867
2097,0,0,1,0.7927745912857752,0.9368337016163281,0.14405911033055283
2098,1,1,1,0.6167655844460505,0.2549225024380934,0.8716880868841438
2099,0,0,1,0.7107097897745556,0.8971321676179906,0.18642237784343502
2100,0,0,1,0.8465221227662658,0.9628358293142507,0.11631370654798485
2101,0,0,1,0.7677096295304873,0.9247077059035553,0.1569980763730681
2102,1,1,1,0.8691931186799593,0.13280241991850206,1.0019955385984614
2103,0,0,1,0.9863221476007437,1.030468667470517,0.04414651986977339
2104,1,0,0,0.10131030003118247,0.602315216683085,0.5010049166519025
2105,0,0,1,0.8834338836554914,0.9806931018951359,0.09725921823964451
2106,1,1,1,0.8321351139605021,0.15073044273933267,0.9828655566998348
2107,0,0,1,1.015298887557727,1.0444871139345089,0.029188226376782048
2108,1,1,1,0.8698142056671717,0.13250194875809398,1.0023161544252657
2109,0,0,1,0.12861444685230733,0.6155244914677962,0.48691004461548887
2110,0,0,1,0.8924823782235646,0.9850706073312395,0.09258822910767499
2111,0,0,1,1.0017439558364507,1.0379294720141319,0.03618551617768121
2112,1,1,1,0.8012722702529856,0.16566135363140158,0.9669336238843872
2113,1,1,1,1.022522094636878,0.058624508806980904,1.081146603443859
2114,0,0,1,1.0360612991422042,1.054531610164673,0.018470311022468617
2115,0,0,1,0.8568403312439148,0.967827600416278,0.11098726917236322
2116,1,1,1,0.7561073877280101,0.1875113439570478,0.9436187316850579
2117,1,1,1,0.8377057352680364,0.1480354723359412,0.9857412076039775
2118,1,1,1,0.7494972501233794,0.19070921439615512,0.9402064645195345
2119,0,0,1,0.7749117372793075,0.9281919612771625,0.15328022399785501
2120,1,0,0,0.22972148874215947,0.6644383325682648,0.4347168438261053
2121,0,0,1,0.5402925631793432,0.8146872559021291,0.274394692722786
2122,0,0,1,0.9376848656722685,1.0069387902696798,0.06925392459741128
2123,0,0,1,1.0083672306391724,1.041133698002842,0.032766467363669706
2124,0,0,1,0.3737550796380484,0.7341192968861272,0.3603642172480788
2125,1,1,1,0.7763951150298554,0.17769649178667996,0.9540916068165353
2126,1,0,0,0.08436625420054888,0.5941179798747767,0.5097517256742278
2127,1,1,1,1.0649121620647584,0.03811692611393429,1.1030290881786926
2128,1,1,1,0.6970334169720411,0.2160903110074251,0.9131237279794662
2129,0,0,1,0.9231556133227192,0.9999097888524621,0.07675417552974284
2130,0,0,1,0.8306489815597824,0.9551566776723198,0.12450769611253738
2131,0,1,0,0.06117052500607878,0.5237097990069962,0.584880324013075
2132,1,1,1,0.6546926551130262,0.2365740405175899,0.8912666956306161
2133,1,1,1,0.7170241385632357,0.20641914507161768,0.9234432836348533
2134,1,1,1,0.5201091702592862,0.3016832067026198,0.821792376961906
2135,0,0,1,0.30183638584756023,0.6993262746152,0.3974898887676398
2136,0,0,1,1.0407411624075518,1.056795647207538,0.01605448479998618
2137,1,1,1,0.7138513741041657,0.20795407373434355,0.9218054478385092
2138,0,0,1,0.1959641767849608,0.6481071279143673,0.4521429511294065
2139,0,0,1,0.9376725638513891,1.0069328388611478,0.06926027500975875
2140,1,1,1,0.5632958417498866,0.28079024071860176,0.8440860824684884
2141,0,0,1,0.7327324430896737,0.907786347037461,0.17505390394778733
2142,1,1,1,0.9327825235502083,0.10203896380942856,1.0348214873596369
2143,1,1,1,1.0839251374165222,0.028918776926497216,1.1128439143430193
2144,1,0,0,0.09624049137202961,0.5998625307916934,0.5036220394196638
2145,0,0,1,0.9144517858079315,0.9956990273855405,0.08124724157760903
2146,1,1,1,0.14945470854600434,0.48099943537019846,0.6304541439162028
2147,1,1,1,0.44251453553519704,0.33922215119352706,0.7817366867287241
2148,0,0,1,0.4556814515263378,0.7737538610230876,0.3180724094967498
2149,0,0,1,0.9060955044193689,0.9916564027335777,0.0855608983142088
2150,1,1,1,0.8072043860371791,0.16279149844195065,0.9699958844791298
2151,0,0,1,0.9704619204665008,1.0227957634337552,0.052333842967254414
2152,0,0,1,0.4710712473484029,0.7811991785137252,0.31012793116532233
2153,1,1,1,1.129719356241898,0.006764324565159402,1.1364836808070573
2154,1,1,1,1.1410734444947461,0.0012714127139201385,1.1423448572086663
2155,0,0,1,0.11929416244219926,0.6110154987989784,0.49172133635677917
2156,1,1,1,1.0827374123514555,0.029493377805108724,1.1122307901565642
2157,0,0,1,0.7527165221149649,0.9174542994145783,0.16473777729961347
2158,0,0,1,0.5192445550936475,0.8045045930159308,0.28526003792228327
2159,1,1,1,0.9180134718363067,0.1091839760186217,1.0271974478549284
2160,1,0,0,0.290966376204302,0.6940675516369318,0.4031011754326298
2161,1,1,1,1.1111275629379707,0.015758713150197518,1.1268862760881682
2162,0,0,1,1.0073936063236353,1.04066267537008,0.03326906904644473
2163,0,0,1,0.34320880504942736,0.7193415366677358,0.37613273161830846
2164,0,0,1,1.0034722754976455,1.0387656032241677,0.03529332772652219
2165,0,0,1,0.7613916856839434,0.9216511937594438,0.16025950807550038
2166,1,1,1,0.5697015714804146,0.27769125927957466,0.8473928307599892
2167,0,0,1,0.4943025994233136,0.792438105523173,0.29813550609985934
2168,1,1,1,0.21496852440634717,0.4493049824519809,0.6642735068583281
2169,1,1,1,1.0476759704200158,0.046455498022769506,1.0941314684427854
2170,1,1,1,1.0053485501910706,0.06693277308267012,1.0722813232737407
2171,1,1,1,0.5903130773326242,0.2677197686370663,0.8580328459696904
2172,0,0,1,0.8474400447170728,0.9632799041047417,0.11583985938766894
2173,0,0,1,0.9249458369191975,1.000775868117523,0.07583003119832547
2174,1,1,1,0.3328072505375217,0.39229664141336906,0.7251038919508908
2175,1,1,1,0.6227129743483113,0.25204525789405213,0.8747582322423635
2176,0,0,1,0.05729171020423096,0.5810197829722673,0.5237280727680363
2177,0,0,1,0.98904993082125,1.0317883218932993,0.042738391072049214
2178,1,0,0,0.08509076291082307,0.5944684846790698,0.5093777217682467
2179,1,1,1,0.38202357567519096,0.3684866331059796,0.7505102087811706
2180,1,1,1,0.8611347701243649,0.13670090981013536,0.9978356799345003
2181,1,1,1,1.0937539230679603,0.024163780137166215,1.1179177032051264
2182,0,0,1,1.0117703789539936,1.042780082397055,0.03100970344306146
2183,0,0,1,0.3414580960072174,0.7184945738617514,0.37703647785453404
2184,1,1,1,0.5314992683179921,0.2961728739290702,0.8276721422470623
2185,0,0,1,0.8795355472997948,0.9788071540769171,0.09927160677712235
2186,0,0,1,0.7755389554256701,0.9284953985865038,0.15295644316083368
2187,1,0,0,0.16122856300083183,0.6313026377284601,0.47007407472762824
2188,0,0,1,0.8686455510811708,0.9735387619385854,0.10489321085741458
2189,0,0,1,0.8368766418199522,0.9581695121762261,0.12129287035627392
2190,1,0,0,0.006378765960954325,0.5563889796362773,0.550010213675323
2191,0,0,1,0.9261839055516881,1.0013748243447964,0.0751909187931083
2192,0,0,1,0.765771768675875,0.9237702022821895,0.15799843360631452
2193,1,1,1,0.9459194291642705,0.09568355570186939,1.04160298486614
2194,0,0,1,0.7630768262124764,0.9224664356506507,0.15938960943817423
2195,1,1,1,0.03477910857490696,0.5364775105887174,0.5712566191636244
2196,0,0,1,0.5440767386236502,0.8165179746425782,0.27244123601892806
2197,1,1,1,0.6456937401235125,0.24092756020965278,0.8866213003331653
2198,1,1,1,0.9474607719834456,0.09493788065956507,1.0423986526430107
2199,0,0,1,0.42555021211471367,0.7591768876571179,0.3336266755424042
2200,1,1,1,0.30696228877172727,0.40479998766334613,0.7117622764350734
2201,1,1,1,1.1360573725963385,0.003698101688309536,1.139755474284648
2202,0,0,1,1.0105718386009834,1.0422002492688789,0.03162841066789535
2203,0,0,1,0.6009608868513896,0.8440375433643926,0.24307665651300303
2204,0,0,1,0.5522860406735689,0.8204894932283255,0.26820345255475664
2205,1,1,1,0.9255146851672984,0.10555501852886967,1.031069703696168
2206,0,0,1,0.3228247327066697,0.7094800744301172,0.38665534172344745
2207,0,0,1,0.9652762337537305,1.0202870177408332,0.055010783987102636
2208,0,0,1,0.9244570612418495,1.0005394068842726,0.07608234564242305
2209,0,0,1,0.8938396034482321,0.9857272094603895,0.09188760601215742
2210,0,0,1,0.3598830188295177,0.7274082333890494,0.3675252145595317
2211,0,0,1,0.9332161805242869,1.0047769175536871,0.07156073702940026
2212,1,1,1,0.5355191797733871,0.2942281101767951,0.8297472899501823
2213,0,0,1,0.9303442644864923,1.0033875341625718,0.07304326967607949
2214,0,0,1,0.9450802739824413,1.010516561117243,0.06543628713480175
2215,1,1,1,1.010734907793519,0.06432694627820788,1.075061854071727
2216,0,0,1,0.9421913474443783,1.0091189483398098,0.06692760089543151
2217,0,0,1,0.1925256636379168,0.6464436346249521,0.45391797098703535
2218,1,1,1,1.0274611895852348,0.05623505995190277,1.0836962495371376
2219,0,0,1,0.9342649529662166,1.005284295552452,0.07101934258623538
2220,1,1,1,1.1316373617814974,0.005836426602364676,1.1374737883838621
2221,1,1,1,0.5821798786379295,0.2716544697335955,0.853834348371525
2222,1,1,1,0.9183544751294866,0.10901900451331828,1.027373479642805
2223,0,0,1,0.5487927215862551,0.8187994857713152,0.27000676418506014
2224,0,0,1,0.6836506849684123,0.8840414399291069,0.20039075496069456
2225,0,0,1,1.0610862096274907,1.0666382297645645,0.005552020137073887
2226,0,0,1,1.0238375861340467,1.0486179888722003,0.02478040273815359
2227,1,0,0,0.23555299154269416,0.6672595129334568,0.4317065213907626
2228,0,0,1,0.8648348639705117,0.971695217311719,0.1068603533412073
2229,0,0,1,0.49690801510417953,0.7936985606431376,0.29679054553895806
2230,1,1,1,0.5472367488245706,0.2885593525913664,0.8357961014159371
2231,1,1,1,0.6263908218139647,0.2502659787937625,0.8766568006077271
2232,1,1,1,0.2276495488069199,0.44317012180403004,0.6708196706109499
2233,0,0,1,1.0199179885892105,1.0467217552577823,0.02680376666857189
2234,1,1,1,0.26935973150743914,0.4229914556028435,0.6923511871102827
2235,1,1,1,0.814632935891559,0.15919769428753874,0.9738306301790978
2236,0,0,1,0.5192793015425423,0.8045214027479561,0.2852421012054139
2237,1,1,1,0.9984652375604416,0.07026280088257571,1.0687280384430173
2238,0,0,1,0.7347675847439713,0.9087709134300146,0.1740033286860433
2239,1,1,1,0.19272118221652212,0.46006786246944165,0.6527890446859638
2240,1,1,1,0.13443416353061483,0.4882661156962395,0.6227002792268543
2241,1,1,1,0.8892019896808595,0.12312247361165599,1.0123244632925155
2242,1,1,1,0.14257478275318558,0.4843278246764504,0.626902607429636
2243,1,1,1,0.41706369931620707,0.3515348263091332,0.7685985256253403
2244,1,1,1,0.39690523522133325,0.3612871431718929,0.7581923783932262
2245,0,1,0,0.22636402409390827,0.44379203646365856,0.6701560605575668
2246,0,0,1,0.8053784834015437,0.9429312469966962,0.13755276359515242
2247,0,0,1,0.4118615056243269,0.7525545278132687,0.3406930221889418
2248,1,1,1,0.303407241470566,0.4065198581643849,0.7099270996349509
2249,0,0,1,0.727793166308675,0.9053968102148903,0.1776036439062153
2250,0,0,1,0.9113206088190156,0.9941842180228047,0.08286360920378906
2251,0,0,1,1.0518547190048906,1.0621721939969841,0.010317474992093663
2252,0,0,1,0.869502463818512,0.9739533215250179,0.10445085770650588
2253,1,1,1,0.580574155109385,0.2724312910514625,0.8530054461608476
2254,0,0,1,0.9752999203644036,1.0251363042489825,0.04983638388457893
2255,0,0,1,1.025360774747144,1.049354881223064,0.023994106475919975
2256,1,1,1,0.8237527142949892,0.15478570296271255,0.9785384172577017
2257,1,1,1,0.5595034713671558,0.2826249240287623,0.8421283953959181
2258,1,1,1,0.6589406384025465,0.23451893954996986,0.8934595779525163
2259,1,1,1,0.4866876841269802,0.3178519446209745,0.8045396287479547
2260,1,1,1,1.0960781664477839,0.023039351321581265,1.119117517769365
2261,1,1,1,0.7176309304686936,0.2061255896249361,0.9237565200936297
2262,1,0,0,0.07617598279497062,0.5901556679861685,0.5139796851911979
2263,1,1,1,0.4189158310509002,0.35063879695574146,0.7695546280066417
2264,0,0,1,0.8661284297307724,0.9723210220911659,0.10619259236039348
2265,1,1,1,1.1095285486029254,0.01653228867609391,1.1260608372790193
2266,0,0,1,0.9165540500142279,0.9967160665097788,0.08016201649555099
2267,0,0,1,0.7377854456815435,0.9102309024436832,0.17244545676213976
2268,1,1,1,0.6991285736581832,0.21507671037871529,0.9142052840368985
2269,1,1,1,1.0197783204404423,0.05995189938780954,1.0797302198282517
2270,1,1,1,0.9581124898432367,0.08978476347700076,1.0478972533202375
2271,1,1,1,0.8138529648468245,0.15957503081160282,0.9734279956584273
2272,0,0,1,0.43220990983537794,0.7623987344246319,0.33018882458925397
2273,1,1,1,1.1426464053081753,0.000510441431928096,1.1431568467401034
2274,0,0,1,0.8727770407323615,0.9755375052954203,0.10276046456305878
2275,0,0,1,0.8940132533237583,0.9858112182718416,0.09179796494808336
2276,0,0,1,0.9625862079125991,1.0189856296862543,0.056399421773655145
2277,1,1,1,0.12976746358142566,0.49052378455403167,0.6202912481354573
2278,1,1,1,0.7694135808748375,0.18107403746414188,0.9504876183389793
2279,1,1,1,1.1176304508453903,0.012612728262772894,1.130243179108163
2280,1,1,1,1.1421903083168354,0.0007310932811347168,1.14292140159797
2281,1,1,1,0.48320275497132753,0.31953789317391196,0.8027406481452395
2282,0,0,1,0.6467912884396531,0.8662095003216654,0.21941821188201235
2283,1,1,1,0.7239504330032662,0.20306832341446934,0.9270187564177356
2284,0,0,1,0.2972946652875644,0.6971290686279417,0.3998344033403773
2285,1,1,1,0.21388032869533014,0.4498314327476278,0.663711761442958
2286,0,0,1,0.9769670936648224,1.0259428539054591,0.048975760240636775
2287,1,1,1,0.9917409686667189,0.07351588606869662,1.0652568547354155
2288,1,1,1,0.13528908877909834,0.48785251762259935,0.6231416064016977
2289,1,1,1,1.006485462717674,0.06638275443281184,1.072868217150486
2290,0,0,1,0.8092369250118762,0.9447978944259507,0.1355609694140746
2291,0,0,1,0.4790996848879239,0.7850831979722411,0.3059835130843172
2292,1,1,1,0.984228857112358,0.07715011593074025,1.0613789730430983
2293,1,1,1,0.5933007303152911,0.26627439371039485,0.8595751240256859
2294,0,0,1,0.6392118892468257,0.8625427178619544,0.2233308286151287
2295,1,1,1,1.0379216271503808,0.05117448087314458,1.0890961080235253
2296,0,0,1,0.7878490429085809,0.9344508063584762,0.14660176344989528
2297,1,1,1,0.6916087082929826,0.21871469140056196,0.9103233996935446
2298,1,1,1,1.1370967712753168,0.0031952585542085556,1.1402920298295254
2299,1,1,1,1.1069396741896493,0.017784741416408578,1.1247244156060578
2300,1,1,1,0.6116843629762717,0.2573807096502063,0.869065072626478
2301,0,0,1,0.7133111294221617,0.898390650823443,0.18507952140128134
2302,1,1,1,0.15866438416703188,0.4765439533237099,0.6352083374907418
2303,0,0,1,0.7415000591150616,0.9120279682844059,0.17052790916934438
2304,0,0,1,0.8410016724798149,0.9601651307845809,0.11916345830476589
2305,1,1,1,0.7847889305729547,0.17363570875883608,0.9584246393317908
2306,0,0,1,0.6557176905127117,0.8705279395167924,0.21481024900408072
2307,1,1,1,0.6398225449434288,0.24376794306272168,0.8835904880061505
2308,0,0,1,1.0393613328789995,1.0561281095064659,0.01676677662746644
2309,1,1,1,0.6603336753977478,0.23384501230457988,0.8941786877023277
2310,0,0,1,0.7543089248316893,0.9182246763536908,0.16391575152200147
2311,0,0,1,0.8730510413506556,0.9756700620635163,0.1026190207128607
2312,0,0,1,0.8694674865345021,0.9739364001189496,0.10446891358444746
2313,1,1,1,0.8925656837181349,0.1214951765156819,1.0140608602338168
2314,0,0,1,0.5200880005675084,0.8049126373728243,0.28482463680531583
2315,1,1,1,1.0928059990011911,0.024622369433327854,1.117428368434519
2316,0,0,1,0.8794291580434705,0.9787556847916787,0.09932652674820816
2317,0,0,1,0.8694531759531705,0.9739294769067952,0.10447630095362467
2318,1,1,1,1.0332488633901977,0.05343508329799466,1.0866839466881923
2319,0,0,1,0.9966103645911065,1.0354459292088436,0.0388355646177371
2320,1,1,1,1.0737301202640446,0.033850950192491,1.1075810704565356
2321,1,1,1,0.6418349566343079,0.24279437303400275,0.8846293296683106
2322,1,1,1,0.7469859476616235,0.1919241391657213,0.9389100868273448
2323,1,1,1,0.7926323184902342,0.16984121311239933,0.9624735316026335
2324,1,1,1,0.22139662274250838,0.4461951794677762,0.6675918022102846
2325,1,1,1,0.8624639021641147,0.13605789867877732,0.998521800842892
2326,1,1,1,0.8332133848518055,0.1502087939000962,0.9834221787519017
2327,1,1,1,0.31201536902846705,0.4023553946842008,0.7143707637126678
2328,1,1,1,1.0735951560184844,0.03391624356413141,1.1075113995826158
2329,0,0,1,0.6512483208148582,0.8683657356273915,0.21711741481253335
2330,1,1,1,0.1977209997058706,0.4576490370974981,0.6553700368033687
2331,1,1,1,0.07026345886482033,0.5193107946093787,0.589574253474199
2332,1,0,0,0.1563950909304142,0.6289642873979903,0.47256919646757606
2333,0,0,1,0.782969531087452,0.9320901827915582,0.1491206517041061
2334,1,1,1,1.1015666604268435,0.020384112701653335,1.1219507731284968
2335,0,0,1,0.9065024385592382,0.9918532704441136,0.08535083188487547
2336,1,1,1,0.8497192545751165,0.14222353912673805,0.9919427937018546
2337,1,1,1,0.716441035781813,0.20670124012911933,0.9231422759109323
2338,0,0,1,0.8064829687334228,0.9434655779296512,0.1369826091962284
2339,0,0,1,0.8709810785944039,0.9746686498230762,0.10368757122867231
2340,0,0,1,0.6831437593609336,0.8837961980730452,0.20065243871211158
2341,0,0,1,0.6885801221704968,0.8864262165332941,0.19784609436279735
2342,1,1,1,1.136652809556984,0.003410039567868141,1.1400628491248521
2343,0,0,1,0.12547332442469844,0.6140048706735437,0.48853154624884526
2344,0,0,1,0.9129704645665262,0.994982389746198,0.08201192517967182
2345,1,1,1,1.0629675016075513,0.03905771926563005,1.1020252208731813
2346,0,0,1,0.9957062391454523,1.035008528929328,0.039302289783875705
2347,1,1,1,1.1405997743758334,0.0015005661388199434,1.1421003405146533
2348,1,1,1,0.966090927325823,0.08592493318270335,1.0520158605085264
2349,0,0,1,0.24579674773913718,0.6722152653073677,0.42641851756823057
2350,0,0,1,0.5406346282674391,0.8148527410854793,0.2742181128180402
2351,0,0,1,0.9036979538491359,0.9904965091650321,0.08679855531589614
2352,1,1,1,0.77561615934166,0.17807333709878195,0.9536894964404419
2353,1,1,1,0.6427902412479217,0.24233222283236855,0.8851224640802903
2354,0,0,1,0.9253503726781729,1.0009715755327941,0.07562120285462129
2355,1,1,1,0.7178336530237253,0.20602751595312302,0.9238611689768482
2356,0,0,1,0.769108583969025,0.9253844959058578,0.15627591193683277
2357,1,1,1,0.8671153357421104,0.13380761542777167,1.000922951169882
2358,0,0,1,0.8107735587718095,0.945541291306703,0.13476773253489344
2359,0,1,0,0.7820820516405718,0.1749452500479683,0.9570273016885401
2360,0,0,1,0.368341097688584,0.7315001058995547,0.36315900821097075
2361,0,0,1,0.8643542751418666,0.9714627167345128,0.10710844159264625
2362,0,0,1,1.0592225704521459,1.0657366333100788,0.006514062857932997
2363,1,1,1,0.824342709352996,0.15450027354080495,0.978842982893801
2364,1,1,1,1.057910262883782,0.04150432403932197,1.099414586923104
2365,1,1,1,1.0753662926399874,0.03305939824799806,1.1084256908879855
2366,0,0,1,0.8919638380922047,0.9848197465690665,0.0928559084768618
2367,1,0,0,0.17836639319909453,0.6395936240678475,0.46122723086875295
2368,1,1,1,0.8971912719334851,0.11925739680486495,1.01644866873835
2369,0,0,1,0.18949875073694095,0.6449792664276847,0.4554805156907437
2370,1,1,1,0.2483919565502864,0.4331353030867989,0.6815272596370853
2371,1,1,1,0.4653149407109332,0.3281917088529506,0.7935066495638838
2372,1,1,1,0.8555222755991283,0.13941613775324693,0.9949384133523752
2373,0,0,1,0.7406772458504631,0.9116299054341074,0.1709526595836443
2374,0,0,1,0.4272963099211261,0.7600216196268434,0.33272530970571734
2375,1,1,1,0.9000152476649634,0.11789120610618344,1.0179064537711469
2376,0,0,1,0.944387352271737,1.0101813375579447,0.06579398528620771
2377,0,1,0,0.8188450048388961,0.1571599680585515,0.9760049728974476
2378,1,0,0,0.2987599531871482,0.6978379496133508,0.39907799642620256
2379,1,0,0,0.06096333215829686,0.5827960502775439,0.521832718119247
2380,1,1,1,0.6423923657475654,0.2425247081295193,0.8849170738770847
2381,0,0,1,1.0207917252307088,1.047144453958556,0.02635272872784709
2382,1,0,0,0.08603364299139937,0.5949246337818034,0.508890990790404
2383,0,0,1,0.7784339715618585,0.929895957406364,0.15146198584450551
2384,0,0,1,0.8423999789296555,0.9608416073011401,0.11844162837148463
2385,1,1,1,0.7460086251691211,0.19239695091264442,0.9384055760817656
2386,0,0,1,1.0628864961328335,1.0675091772911829,0.004622681158349317
2387,1,0,0,0.11859424587513573,0.6106768912489501,0.49208264537381435
2388,1,1,1,0.5130052067976568,0.30511998156469344,0.8181251883623503
2389,1,1,1,1.0642439369565118,0.03844020188338784,1.1026841388398996
2390,0,0,1,0.7362254559848131,0.9094762063639842,0.17325075037917104
2391,1,1,1,0.9674799039753141,0.08525297026246004,1.0527328742377742
2392,1,1,1,0.8549852189797942,0.13967595647258674,0.994661175452381
2393,1,1,1,0.2556697088146374,0.42961445220269473,0.6852841610173321
2394,1,1,1,0.8986746662522944,0.1185397562464692,1.0172144224987636
2395,1,1,1,0.6939473514415403,0.2175832962254972,0.9115306476670375
2396,1,1,1,1.043671595564119,0.048392745436470416,1.0920643410005892
2397,1,1,1,0.1611017705679043,0.47536478786812675,0.6364665584360311
2398,1,1,1,0.9380154702252204,0.09950735456278867,1.037522824788009
2399,1,1,1,1.1402078724823785,0.0016901615080949957,1.1418980339904736
2400,1,1,1,1.1415470199372622,0.0010423050918264402,1.1425893250290886
2401,0,0,1,0.39918132064802125,0.7464200732642843,0.347238752616263
2402,1,1,1,1.064188669466119,0.03846693934096313,1.102655608807082
2403,1,1,1,0.5565775531057314,0.28404043276323987,0.8406179858689713
2404,0,0,1,1.0663560265770948,1.0691876762134311,0.002831649636336366
2405,0,0,1,0.8318374917617605,0.9557316583866124,0.123894166624852
2406,1,1,1,0.41032514425087296,0.35479482289840725,0.7651199671492802
2407,0,0,1,0.3374883577768372,0.7165740830494219,0.3790857252725847
2408,0,0,1,1.020350936008423,1.046931207743706,0.026580271735282903
2409,1,1,1,0.3342295170900291,0.39160857341284694,0.7258380905028761
2410,0,0,1,0.7408891813159885,0.9117324361529425,0.17084325483695403
2411,1,1,1,0.8671522997030123,0.13378973290172597,1.0009420326047382
2412,0,1,0,0.19299480110673073,0.4599354903748023,0.652930291481533
2413,1,1,1,0.5003225909810733,0.3112556121122321,0.8115782030933055
2414,1,1,1,0.654279653739025,0.23677384345123903,0.8910534971902639
2415,0,0,1,0.8691901028439516,0.9738022066789097,0.10461210383495813
2416,0,0,1,0.41747753187003384,0.7552714643417633,0.33779393247172945
2417,1,1,1,0.28312402021968425,0.4163325303851005,0.6994565506047847
2418,0,0,1,1.0175022656362882,1.0455530702042652,0.02805080456797703
2419,1,1,1,0.12415820522461968,0.49323744689473376,0.6173956521193534
2420,1,1,1,0.9895732212337772,0.07456460484731911,1.0641378260810963
2421,1,0,0,0.1157057286432332,0.6092794764867699,0.49357374784353675
2422,1,1,1,0.6593452597450042,0.2343231907308876,0.8936684504758918
2423,1,1,1,0.13061579732856093,0.49011337533493154,0.6207291726634925
2424,1,1,1,0.4170591532407811,0.3515370256219294,0.7685961788627105
2425,1,1,1,0.6211696110547322,0.2527919104069865,0.8739615214617188
2426,1,1,1,0.7304131819986841,0.1999417570396122,0.9303549390382964
2427,1,0,0,0.03995705640499991,0.5726335767731883,0.5326765203681884
2428,1,0,0,0.02729541986047912,0.5665080956352346,0.5392126757747555
2429,0,0,1,0.9721595362079277,1.0236170406175569,0.0514575044096291
2430,0,0,1,0.5714597444937686,0.8297654000735719,0.25830565557980334
2431,1,0,0,0.377294665361637,0.7358316873429038,0.3585370219812668
2432,0,1,0,0.15115242268597257,0.48017811058288157,0.6313305332688541
2433,0,1,0,7.23126629843529e-05,0.5532680591856353,0.5533403718486196
2434,0,0,1,0.3792777025004417,0.7367910464705252,0.3575133439700835
2435,1,1,1,0.8304165969046696,0.15156183161815098,0.9819784285228206
2436,1,1,1,1.1416479122531102,0.0009934951314774824,1.1426414073845876
2437,0,0,1,0.6071962975947948,0.8470541274182644,0.23985782982346962
2438,0,0,1,0.7549671699173274,0.9185431239605265,0.16357595404319913
2439,0,0,1,0.7882472720249738,0.9346434627289597,0.14639619070398593
2440,1,1,1,1.0648603607270277,0.03814198670669993,1.1030023474337276
2441,0,0,1,0.9234466292253112,1.0000505773213069,0.07660394809599563
2442,1,0,0,0.0717373291429978,0.5880083239894057,0.5162709948464079
2443,1,0,0,0.0836596419220943,0.593776133055189,0.5101164911330947
2444,1,1,1,0.683226565183019,0.22276982750679689,0.9059963926898159
2445,1,1,1,0.19215726545490996,0.4603406756618347,0.6524979411167446
2446,1,1,1,0.44288124492273284,0.3390447435236289,0.7819259884463617
2447,1,1,1,1.0678698205300858,0.036686062016850915,1.1045558825469368
2448,0,0,1,1.0167576834115724,1.0451928541802848,0.028435170768712423
2449,1,1,1,0.7522596097910415,0.18937283248525355,0.9416324422762951
2450,1,0,0,0.041680322868672626,0.5734672633335139,0.5317869404648413
2451,0,0,1,0.8789164966957678,0.9785076680835328,0.09959117138776505
2452,0,0,1,0.3307392388223992,0.7133089758330009,0.3825697370106017
2453,0,0,1,1.0429038645535418,1.0578419251634477,0.014938060609905929
2454,0,0,1,0.3400804182477625,0.7178280771494152,0.37774765890165274
2455,0,0,1,0.8212732634706653,0.9506208671467437,0.1293476036760783
2456,1,1,1,0.11695991717385634,0.49671985436437394,0.6136797715382303
2457,1,1,1,1.1292690690029783,0.00698216575645925,1.1362512347594376
2458,0,0,1,0.08366431328904955,0.5937783929818636,0.5101140796928141
2459,0,0,1,0.935746189001283,1.0060008919704388,0.07025470296915584
2460,0,0,1,0.6067279946391815,0.8468275705342968,0.24009957589511532
2461,1,1,1,0.011277470996436056,0.5478471970579,0.559124668054336
2462,0,0,1,0.9835191473198573,1.0291126243326592,0.04559347701280179
2463,0,0,1,0.6086998074969456,0.8477814995485549,0.23908169205160917
2464,1,0,0,0.0196304531967173,0.5627999171105372,0.5431694639138199
2465,0,0,1,0.3892704152956088,0.7416253483815426,0.3523549330859338
2466,0,0,1,0.6264267253437674,0.8563574763208268,0.22993075097705942
2467,0,0,1,0.3492755612422958,0.7222765285621335,0.37300096731983773
2468,0,1,0,0.0908413371414385,0.5093555724073106,0.600196909548749
2469,1,0,0,0.22152715105801024,0.6604740534842944,0.4389469024262842
2470,0,0,1,1.0351038979806888,1.0540684360137094,0.01896453803302052
2471,1,1,1,0.7305030483604269,0.19989828124547956,0.9304013296059065
2472,0,0,1,0.8138415773468031,0.9470255457193086,0.13318396837250557
2473,1,1,1,0.3835510682051057,0.3677476585944733,0.751298726799579
2474,1,1,1,1.1010964427590777,0.02061159589029985,1.1217080386493776
2475,1,1,1,0.9841254883682722,0.07720012394431147,1.0613256123125836
2476,0,0,1,0.9666568246004477,1.020954923754488,0.05429809915404027
2477,1,0,0,0.03157282714078724,0.5685774314215483,0.537004604280761
2478,1,0,0,0.3572478932958826,0.7261334051553004,0.36888551185941787
2479,1,1,1,0.729634260589908,0.20031858576792308,0.929952846357831
2480,0,0,1,0.25709042625069045,0.677678951968834,0.42058852571814354
2481,1,1,1,0.17843736903769414,0.46697812465374255,0.6454154936914367
2482,0,0,1,0.9932884565703226,1.0338388474661495,0.0405503908958269
2483,1,1,1,0.36416628427147113,0.37712568235398247,0.7412919666254536
2484,0,0,1,0.515100786491023,0.8024999093144068,0.28739912282338387
2485,1,1,1,0.3038270601575696,0.4063167571324165,0.7101438172899861
2486,0,0,1,0.6400172259397131,0.8629323258486186,0.22291509990890543
2487,0,0,1,0.2568654254132487,0.6775701004486591,0.42070467503541037
2488,1,1,1,1.1203172458062396,0.011312903252288585,1.131630149058528
2489,0,0,1,1.0670740860481458,1.069535060987144,0.002460974938998074
2490,0,0,1,0.48486098989291593,0.7878704178560205,0.3030094279631046
2491,1,1,1,1.0966933488685806,0.02274173668845365,1.1194350855570343
2492,0,0,1,0.9863772260228283,1.0304953134601094,0.04411808743728102
2493,0,0,1,0.8101337572954576,0.9452317663995831,0.1350980091041255
2494,0,0,1,0.7978511604688845,0.9392896581324791,0.1414384976635946
2495,0,0,1,0.8258728855892732,0.9528460849083007,0.12697319931902748
2496,1,0,0,0.11799684523884807,0.6103878791361387,0.4923910338972906
2497,1,0,0,0.34887113561364186,0.7220808744260103,0.37320973881236846
2498,1,1,1,0.514248652159979,0.30451842416836494,0.8187670763283439
2499,1,1,1,0.2307599113241407,0.4416653821233069,0.6724252934474476
2500,1,1,1,0.5705348414996305,0.2772881376319438,0.8478229791315743
2501,0,0,1,0.8682253331418884,0.9733354677552581,0.10511013461336974
2502,1,1,1,1.0252168716047434,0.05732082223932365,1.082537693844067
2503,0,1,0,0.41777776587886284,0.35118937323555843,0.7689671391144213
2504,0,0,1,0.40607807963496956,0.7497566061792056,0.34367852654423603
2505,0,0,1,0.7049955044002221,0.8943676950196588,0.18937219061943672
2506,0,0,1,0.9805294853035739,1.027666277470213,0.04713679216663918
2507,1,1,1,0.578386791856698,0.27348949962498115,0.8518762914816791
2508,1,1,1,0.9020706891420185,0.11689681900988688,1.0189675081519054
2509,0,0,1,0.6404684165832828,0.8631506040914894,0.22268218750820662
2510,1,1,1,0.8749448530269062,0.13001983015383306,1.0049646831807393
2511,1,1,1,0.9280518949789308,0.10432756023076284,1.0323794552096937
2512,0,0,1,0.9613716740134235,1.018398059156596,0.05702638514317243
2513,1,1,1,0.4291317146352962,0.345696528870276,0.7748282435055722
2514,0,0,1,0.997634541074412,1.0359414081075125,0.03830686703310053
2515,0,0,1,0.8949348805934281,0.9862570856316206,0.09132220503819251
2516,0,0,1,0.9788557309647206,1.0268565440209734,0.04800081305625283
2517,0,0,1,0.7346829470980746,0.9087299671983265,0.174047020100252
2518,1,1,1,1.1361924903380172,0.0036327340578974875,1.1398252243959146
2519,1,1,1,1.1142282516394812,0.014258653494481978,1.1284869051339632
2520,1,1,1,0.31903883912312,0.3989575611232307,0.7179964002463507
2521,1,1,1,0.9711713708887053,0.08346710230851516,1.0546384731972205
2522,0,0,1,0.9278613026825675,1.00218632011392,0.0743250174313525
2523,1,1,1,1.0959705658888763,0.02309140661409441,1.1190619725029707
2524,1,1,1,0.5505918872552029,0.2869361945501608,0.8375280818053638
2525,1,1,1,0.5451181136689653,0.28958431169821125,0.8347024253671765
2526,0,0,1,0.8744142464203956,0.9763295571384613,0.1019153107180657
2527,1,1,1,0.2585645580272193,0.42821397413759316,0.6867785321648124
2528,1,1,1,0.28225608289295173,0.41675242347752434,0.6990085063704761
2529,0,0,1,0.7441513316066451,0.9133106081376087,0.1691592765309635
2530,0,0,1,0.3490506811262355,0.7221677354448786,0.37311705431864306
2531,0,0,1,1.0257081923038502,1.0495229558383095,0.023814763534459216
2532,1,1,1,0.9353657815107492,0.10078922821197064,1.03615500972272
2533,0,0,1,0.47451438005959234,0.7828649066685102,0.3083505266089178
2534,1,1,1,0.9862185038274244,0.0761875592042479,1.0624060630316723
2535,0,0,1,0.3731405530973305,0.7338219995564571,0.3606814464591266
2536,1,1,1,1.1126121541238896,0.015040493568159926,1.1276526476920494
2537,0,0,1,0.7164235832511021,0.8998964022446664,0.18347281899356432
2538,0,0,1,0.5674237046030355,0.827812833662762,0.26038912905972655
2539,1,1,1,0.39930429387184724,0.3601265200201466,0.7594308138919939
2540,1,1,1,0.539438948560907,0.29233179371812357,0.8317707422790306
2541,1,0,0,0.05566387783219784,0.5802322657776631,0.5245683879454652
2542,1,1,1,0.0842802345961966,0.5125297205313499,0.5968099551275465
2543,0,0,1,0.640881265759303,0.8633503333943832,0.22246906763508015
2544,1,1,1,1.0965498779307243,0.022811145450946063,1.1193610233816704
2545,0,0,1,0.9650123851272859,1.0201593723311044,0.055146987203818464
2546,0,0,1,0.9532049827037337,1.0144471549112326,0.06124217220749889
2547,0,0,1,0.0878173246775591,0.5957875481836081,0.507970223506049
2548,0,0,1,0.5883063000926103,0.8379154727910555,0.24960917269844524
2549,1,1,1,0.035991640870596586,0.5358909084002649,0.5718825492708615
2550,1,1,1,0.15837627726557235,0.4766833344680351,0.6350596117336075
2551,0,0,1,0.8685385276473618,0.9734869858492299,0.10494845820186809
2552,0,0,1,0.9026588298799966,0.9899937989308077,0.0873349690508112
2553,1,1,1,0.9136042169619725,0.11131709739437712,1.0249213143563496
2554,0,0,1,0.8997754203767563,0.9885988551995618,0.0888234348228055
2555,1,1,1,0.43793103014819257,0.3414395719586141,0.7793706021068066
2556,0,1,0,0.04608294821082559,0.5310089081507303,0.5770918563615559
2557,0,0,1,0.9322289116329705,1.0042992939107573,0.07207038227778687
2558,1,1,1,0.21750116240977152,0.44807973591574596,0.6655808983255175
2559,0,0,1,0.9967748729927515,1.0355255155330734,0.0387506425403219
2560,1,1,1,0.2296752475392269,0.4421901237340891,0.671865371273316
2561,1,1,1,0.2898256174639452,0.41309041335152896,0.7029160308154742
2562,1,0,0,0.22019672904354015,0.65983041828544,0.4396336892418998
2563,0,0,1,1.0322636060073387,1.052694351798935,0.02043074579159617
2564,1,1,1,0.1233134197415528,0.4936461395249438,0.6169595592664966
2565,0,0,1,0.325614940554443,0.7108299288097156,0.3852149882552726
2566,1,1,1,1.027972564139538,0.055987665772185224,1.0839602299117232
2567,1,1,1,0.3106964267619008,0.40299347617923453,0.7136899029411353
2568,1,1,1,0.49249379104997154,0.3150430503428398,0.8075368413928113
2569,0,1,0,0.06541746691824135,0.5216552018397608,0.5870726687580021
2570,1,1,1,0.3313231749647817,0.39301461155065365,0.7243377865154353
2571,1,1,1,1.140239690422514,0.00167476853804218,1.1419144589605563
2572,0,0,1,0.8632685859111728,0.9709374790307681,0.10766889311959524
2573,1,1,1,0.24587198837635427,0.4343544201782893,0.6802264085546436
2574,1,0,0,0.12098818520044252,0.6118350377595541,0.49084685255911154
2575,1,1,1,1.1265151774288842,0.008314450949907095,1.1348296283787913
2576,1,1,1,1.0530435360291495,0.04385876246020087,1.0969022984893504
2577,1,1,1,0.8502402436188066,0.14197149362306374,0.9922117372418703
2578,0,0,1,0.9629335973145386,1.0191536906807097,0.05622009336617108
2579,1,1,1,0.9955218059897758,0.07168678225367055,1.0672085882434463
2580,1,1,1,0.8586024460978399,0.1379260044497678,0.9965284505476076
2581,1,1,1,0.069630217130913,0.5196171460263678,0.5892473631572808
2582,1,1,1,0.877838463342933,0.12861995144549326,1.0064584147884263
2583,1,1,1,0.8027305240969063,0.16495587560066866,0.967686399697575
2584,1,1,1,0.2973830154156771,0.4094342747123753,0.7068172901280524
2585,0,0,1,0.34233150533721657,0.7189171142148733,0.3765856088776567
2586,1,1,1,0.5970459575433689,0.2644625174444576,0.8615084749878265
2587,0,0,1,0.609631004372301,0.8482319965183308,0.23860099214602978
2588,1,1,1,0.6327436129689451,0.2471926081235207,0.8799362210924658
2589,0,0,1,0.8263249922134873,0.9530648062867915,0.12673981407330417
2590,1,1,1,1.1420635774261918,0.0007924034978278203,1.1428559809240195
2591,1,1,1,0.35310438176116077,0.3824772397880102,0.735581621549171
2592,1,0,0,0.4147103979942062,0.7539327727513851,0.3392223747571789
2593,0,0,1,0.8993403467634711,0.9883883740976577,0.08904802733418662
2594,1,1,1,0.7130760559019779,0.20832915929352178,0.9214052151954997
2595,1,1,1,0.6560004716451593,0.23594134146077234,0.8919418131059317
2596,0,0,1,0.8711004435777225,0.974726396540989,0.10362595296326646
2597,1,1,1,0.9163885278603436,0.10997009585707972,1.0263586237174234
2598,0,0,1,0.4903542208784406,0.7905279481578846,0.300173727279444
2599,0,0,1,0.9174520895895215,0.9971505225502958,0.07969843296077424
2600,1,1,1,1.1403673524841784,0.0016130078368873431,1.1419803603210659
2601,1,1,1,1.1424514115236322,0.0006047760580277864,1.14305618758166
2602,0,0,1,1.0336643852784342,1.0533720246237204,0.01970763934528621
2603,0,0,1,0.1722272195397762,0.6366235978535782,0.46439637831380204
2604,0,0,1,0.7849015669241245,0.9330248683698225,0.148123301445698
2605,1,1,1,0.6202959494087101,0.25321457282624366,0.8735105222349538
2606,0,0,1,0.6032093417331392,0.8451253070132123,0.24191596528007311
2607,0,0,1,0.8723278275673803,0.9753201837225464,0.1029923561551661
2608,1,1,1,0.616799876900145,0.2549059123409134,0.8717057892410585
2609,0,1,0,0.3013522718955465,0.4075140169626248,0.7088662888581713
2610,1,1,1,0.15315783760378915,0.47920792547216046,0.6323657630759496
2611,0,0,1,0.3292590606064948,0.7125928911696596,0.38333383056316483
2612,0,0,1,0.8243027516550754,0.9520864812216705,0.1277837295665951
2613,1,1,1,0.4216635662475974,0.34930949011137913,0.7709730563589765
2614,0,0,1,0.7993816881341537,0.9400301009900637,0.14064841285591004
2615,1,1,1,0.7587171633547415,0.1862487795705545,0.944965942925296
2616,0,0,1,1.0372445166785353,1.0551040303787114,0.017859513700176036
2617,1,1,1,0.434809892734568,0.34294952434817244,0.7777594170827404
2618,1,0,0,0.17173754693189047,0.6363867027008205,0.46464915576893007
2619,1,1,1,1.1002919799407365,0.021000781111547424,1.1212927610522838
2620,0,0,1,0.5954096314057505,0.8413519418306051,0.24594231042485457
2621,1,1,1,0.9345078948282883,0.10120425897623544,1.0357121538045237
2622,1,1,1,0.7847197154871108,0.1736691938222643,0.9583889093093751
2623,0,0,1,0.7823622099989529,0.9317963713352585,0.14943416133630555
2624,1,1,1,0.9860841613919751,0.07625255175489315,1.0623367131468682
2625,1,1,1,1.1375182982785925,0.0029913310683243495,1.1405096293469168
2626,1,0,0,0.21083383208022882,0.6553008103991526,0.44446697831892373
2627,1,1,1,0.6073929925050577,0.25945680058718457,0.8668497930922423
2628,0,0,1,0.8423039455342229,0.9607951480025916,0.11849120246836861
2629,1,1,1,0.9423337003034216,0.09741826941172164,1.0397519697151432
2630,0,0,1,0.9701211698757133,1.022630914181506,0.05250974430579268
2631,1,1,1,1.1366436467503898,0.0034144723754886905,1.1400581191258785
2632,1,1,1,0.5391036759184331,0.2924939928335637,0.8315976687519968
2633,0,0,1,0.39233292957782634,0.7431069399123431,0.3507740103345168
2634,0,0,1,0.9135417264708132,0.9952587563917922,0.08171702992097893
2635,1,1,1,0.6102478314890232,0.2580756787798506,0.8683235102688738
2636,0,0,1,0.8230792687619769,0.9514945813232701,0.12841531256129327
2637,0,0,1,0.9486195772710806,1.012228814936868,0.06360923766578734
2638,0,0,1,0.7297666362022219,0.9063515408744488,0.1765849046722269
2639,1,1,1,1.0654225888459703,0.03786999045047346,1.1032925792964439
2640,1,1,1,1.1245301541465471,0.009274770939475534,1.1338049250860227
2641,0,0,1,0.7645710916940439,0.9231893354898818,0.1586182437958379
2642,0,0,1,0.3764008050230942,0.7353992531449661,0.3589984481218719
2643,0,0,1,0.6568840308494195,0.8710921948330634,0.214208163983644
2644,0,0,1,1.0512956345499296,1.061901718591112,0.010606084041182311
2645,1,1,1,0.8244843952578648,0.15443172834645066,0.9789161236043155
2646,0,0,1,0.8047036774349676,0.9426047875216111,0.13790111008664357
2647,0,0,1,0.5047825035814867,0.7975081022035176,0.29272559862203096
2648,0,0,1,0.558767027438362,0.8236248827211038,0.2648578552827417
2649,1,1,1,0.9700569096001014,0.08400625943708376,1.054063169037185
2650,0,0,1,0.8036598168155412,0.9420997857777634,0.13843996896222222
2651,0,0,1,0.6896050661982054,0.8869220667566923,0.1973170005584869
2652,0,0,1,0.8813240510331386,0.9796724013018896,0.09834835026875094
2653,0,0,1,0.8891614796395386,0.9834640139366194,0.09430253429708078
2654,1,1,1,0.34693166796564184,0.3854634921410522,0.732395160106694
2655,0,0,1,0.5092854558910997,0.7996865527806333,0.29040109688953347
2656,1,1,1,0.3629023802936173,0.37773713727525626,0.7406395175688736
2657,1,1,1,0.7748128209961285,0.17846197831949978,0.9532747993156282
2658,0,0,1,0.8813530067700935,0.9796864095874639,0.09833340281737032
2659,0,0,1,0.9916007647197504,1.0330223712893924,0.04142160656964196
2660,0,0,1,0.6866001422604815,0.8854683364401734,0.19886819417969193
2661,1,0,0,0.11373127034663183,0.6083242676548799,0.4945929973082481
2662,0,0,1,0.6193650357155682,0.852941152809445,0.23357611709387685
2663,1,1,1,1.0184012642539937,0.06061809539385767,1.0790193596478515
2664,0,0,1,0.8329806746240199,0.9562847105165942,0.12330403589257428
2665,1,0,0,0.32929534329382515,0.7126104441073147,0.3833151008134895
2666,0,1,0,0.11657357775514626,0.4969067587044121,0.6134803364595584
2667,0,0,1,0.8724597682322214,0.9753840143380416,0.10292424610582016
2668,1,0,0,0.4280852548235359,0.7604032975483035,0.3323180427247676
2669,0,0,1,0.8681836412990882,0.9733152979615841,0.10513165666249588
2670,1,1,1,1.0817707293289691,0.029961042360144713,1.1117317716891137
2671,0,0,1,0.9169888664361766,0.9969264231869551,0.07993755675077853
2672,1,1,1,0.06473424353477575,0.5219857335157975,0.5867199770505732
2673,1,1,1,1.0403268758187338,0.0500108630976476,1.0903377389163815
2674,0,0,1,0.854065773488083,0.9664853172809383,0.11241954379285535
2675,1,0,0,0.36882838653347866,0.7317358478289366,0.362907461295458
2676,0,0,1,1.018986677608824,1.0462712030859627,0.027284525477138454
2677,1,1,1,0.4791240351485261,0.32151110739892297,0.800635142547449
2678,1,1,1,0.34023880624823993,0.38870138307756136,0.7289401893258013
2679,1,1,1,0.6188033981848811,0.25393664333718025,0.8727400415220613
2680,0,0,1,0.49987675314123164,0.7951347848457158,0.2952580317044841
2681,0,0,1,0.9193101857452362,0.998049437387593,0.07873925164235682
2682,1,1,1,0.7638783563471048,0.1837518835166443,0.9476302398637491
2683,0,0,1,0.770630418552213,0.9261207332004308,0.15549031464821772
2684,0,0,1,0.8852877712539161,0.9815899807050833,0.09630220945116723
2685,0,0,1,0.5794435967940499,0.8336278499631752,0.2541842531691253
2686,0,0,1,1.0141486575368581,1.0439306525108718,0.029781994974013577
2687,1,1,1,0.02533038123650877,0.5410486417284808,0.5663790229649895
2688,1,1,1,0.07778952077758816,0.5156698158048117,0.5934593365823999
2689,0,1,0,0.4092488527269203,0.35531551415389623,0.7645643668808165
2690,1,1,1,0.6626418796481874,0.23272834294285105,0.8953702225910385
2691,0,0,1,0.8661374528879765,0.9723253873388228,0.10618793445084625
2692,1,1,1,0.5946009662857112,0.26564536199844413,0.8602463282841554
2693,1,1,1,0.9731546009192654,0.08250764986319306,1.0556622507824585
2694,1,1,1,0.5222755444509108,0.30063515227443544,0.8229106967253462
2695,1,1,1,1.142036386745072,0.00080555787986525,1.1428419446249374
2696,1,1,1,0.576835299677803,0.27424008475227385,0.8510753844300768
2697,1,1,1,1.1099308024036938,0.016337685232801862,1.1262684876364957
2698,1,1,1,0.4659976066910665,0.32786144683902174,0.7938590535300882
2699,1,1,1,0.7000206463270031,0.2146451410245227,0.9146657873515258
2700,1,1,1,0.8252097417435293,0.15408081824088912,0.9792905599844185
2701,1,1,1,0.638991547299603,0.24416996537437471,0.8831615126739777
2702,0,0,1,0.43238288207715014,0.7624824154085742,0.33009953333142406
2703,1,1,1,0.39831271615537367,0.360606228198289,0.7589189443536627
2704,0,0,1,0.6410031072929141,0.863409278224566,0.2224061709316519
2705,1,1,1,1.1173450790509738,0.012750786209536315,1.1300958652605102
2706,0,0,1,0.977942629019139,1.0264148010657856,0.04847217204664668
2707,0,0,1,1.0600237402809618,1.0661242254398524,0.006100485158890586
2708,1,0,0,0.38687544723584866,0.7404667041869727,0.35359125695112403
2709,1,1,1,0.1100581478757442,0.5000588111813257,0.6101169590570699
2710,0,0,1,0.43629201803357254,0.7643735878871527,0.32808156985358017
2711,1,1,1,0.6929514907330249,0.21806507644123715,0.911016567174262
2712,1,1,1,0.7685287634967544,0.18150209683394963,0.9500308603307039
2713,0,0,1,0.9725582267183439,1.0238099202025022,0.05125169348415821
2714,0,0,1,0.8549768538941938,0.9669260822502349,0.11194922835604121
2715,0,1,0,0.053030026948897135,0.5276480314090621,0.5806780583579593
2716,1,1,1,1.0111644122916474,0.06411915941805747,1.075283571709705
2717,0,0,1,0.0740439518448115,0.5891242282252172,0.5150802763804057
2718,0,0,1,1.0020194002044414,1.0380627272434026,0.036043327038961286
2719,1,1,1,1.1109155782105353,0.015861267701094164,1.1267768459116294
2720,0,0,1,1.0020020412786896,1.038054329294852,0.036052288016162434
2721,0,0,1,0.7580617254362529,0.9200402164884061,0.16197849105215312
2722,0,0,1,0.884513173691185,0.9812152437788313,0.09670207008764635
2723,0,0,1,0.9671106433948048,1.0211744734513308,0.05406383005652602
2724,0,0,1,0.9895283472391136,1.0320197714956794,0.042491424256565734
2725,0,0,1,0.6399157695715383,0.862883243009493,0.2229674734379548
2726,0,0,1,0.9537633663429388,1.0147172912745428,0.060953924931604064
2727,0,0,1,0.6750998129960752,0.8799046757126143,0.2048048627165391
2728,1,1,1,0.8039728746268092,0.1643548478653606,0.9683277224921698
2729,1,1,1,1.062739085197663,0.03916822318077952,1.1019073083784425
2730,0,0,1,0.4357012239808255,0.7640877719253857,0.3283865479445602
2731,0,0,1,0.2061788234696027,0.6530487976090886,0.4468699741394859
2732,0,0,1,0.9929182326651826,1.0336597395333178,0.04074150686813521
2733,0,0,1,0.6669322487697236,0.8759533491652423,0.20902110039551874
2734,0,0,1,0.573325805164919,0.8306681680059176,0.2573423628409986
2735,1,1,1,0.7489588523982263,0.19096968191933394,0.9399285343175603
2736,0,0,1,0.7310495637010124,0.906972199046682,0.1759226353456696
2737,1,1,1,1.1411202603968726,0.0012487639888186445,1.1423690243856912
2738,1,1,1,1.0220215843120155,0.058866647060082454,1.080888231372098
2739,0,0,1,0.9546182014262113,1.0151308457278108,0.0605126443015994
2740,0,0,1,0.9659688620032428,1.0206220993286739,0.054653237325431085
2741,0,0,1,0.13663656979951494,0.6194054560355818,0.4827688862360669
2742,0,0,1,1.0264283336718818,1.0498713477978343,0.023443014125952497
2743,0,0,1,0.3546468102332935,0.724875046081249,0.3702282358479555
2744,1,1,1,0.842056246276621,0.14593077022813372,0.9879870165047547
2745,1,1,1,1.1043331164906258,0.019045749025039225,1.1233788655156651
2746,1,1,1,0.8868433743133193,0.12426353100141402,1.0111069053147332
2747,0,0,1,0.8123558336169213,0.9463067685564022,0.13395093493948085
2748,1,1,1,0.6923697303173141,0.21834652208538552,0.9107162524026996
2749,0,0,1,0.41788786873186307,0.7554699782304304,0.3375821094985673
2750,0,0,1,0.7138796691847947,0.8986657005439068,0.18478603135911212
2751,0,0,1,0.8537019608750371,0.9663093110205212,0.11260735014548412
2752,0,0,1,0.8687961219987343,0.9736116055486682,0.10481548354993386
2753,0,0,1,1.0331518221643783,1.0531240554393166,0.01997223327493834
2754,1,1,1,0.6506238836235378,0.2385424419107171,0.8891663255342549
2755,0,0,1,0.49463110230605983,0.792597029545747,0.2979659272396871
2756,0,0,1,0.8568197098858157,0.9678176241592885,0.11099791427347284
2757,1,1,1,0.8544809723145321,0.13991990230266,0.9944008746171921
2758,1,1,1,0.7494782957364439,0.19071838420127837,0.9401966799377223
2759,1,1,1,0.7688351731686389,0.1813538611253178,0.9501890342939567
2760,1,1,1,0.5422437003433764,0.2909749032340421,0.8332186035774185
2761,0,0,1,0.9201341952074262,0.9984480789376322,0.078313883730206
2762,1,1,1,0.3829290352638808,0.36804858739109936,0.7509776226549801
2763,1,1,1,0.9522107013171854,0.09263994686260846,1.044850648179794
2764,1,1,1,0.09703614491474133,0.5063586313693027,0.603394776284044
2765,0,0,1,0.6432221956596307,0.8644828348604701,0.22126063920083933
2766,1,1,1,0.9745751005339506,0.08182043667668053,1.056395537210631
2767,0,0,1,0.9247028243884089,1.000658302851106,0.07595547846269714
2768,0,0,1,1.064320442674437,1.068202895868757,0.0038824531943200077
2769,0,0,1,0.9973129486119362,1.0357858272269465,0.038472878615010246
2770,0,0,1,0.7344180749859561,0.908601826643901,0.1741837516579448
2771,1,1,1,0.6853944743167273,0.22172103050013559,0.9071155048168629
2772,0,0,1,0.9622913693157606,1.0188429918639377,0.05655162254817708
2773,1,1,1,0.16116697829442228,0.47533324149594725,0.6365002197903695
2774,1,1,1,0.8575280486678231,0.13844577937531496,0.995973828043138
2775,0,0,1,0.7854565726952747,0.9332933705788917,0.14783679788361706
2776,1,1,1,0.7619380066183659,0.18469059121233844,0.9466285978307043
2777,1,1,1,1.0711242307942406,0.03511163452336321,1.1062358653176039
2778,0,0,1,0.987783883442255,1.0311758300315623,0.04339194658930738
2779,0,0,1,0.8758748520105185,0.9770361729034004,0.10116132089288186
2780,1,0,0,0.2827928005811191,0.6901133168795686,0.40732051629844945
2781,1,0,0,0.013607346448027302,0.5598860420635594,0.5462786956155321
2782,0,0,1,1.0277407098182127,1.0505062527172722,0.0227655428990593
2783,1,1,1,0.48520238817183897,0.318570505158193,0.803772893330032
2784,0,0,1,1.0211928370246732,1.0473385049186748,0.026145667894001485
2785,0,0,1,0.5861117766018746,0.8368538002180014,0.25074202361612674
2786,0,0,1,0.8623530776174417,0.9704945719258949,0.10814149430845317
2787,1,1,1,0.14582142368856466,0.48275715585007517,0.6285785795386398
2788,1,1,1,0.3485371520033559,0.3846867866847138,0.7332239386880697
2789,0,0,1,0.7660274725106877,0.9238939073823589,0.15786643487167115
2790,0,0,1,0.8708362791656568,0.9745985983596293,0.1037623191939725
2791,1,1,1,0.7233315914565668,0.20336770826952816,0.926699299726095
2792,0,0,1,0.6643265101433071,0.8746927378097964,0.21036622766648924
2793,0,0,1,1.0306453446314499,1.0519114648870076,0.02126612025555766
2794,1,1,1,0.6733255774668649,0.22755975440835982,0.9008853318752248
2795,0,0,1,0.2926781833977928,0.694895694400205,0.40221751100241226
2796,0,0,1,0.6970095111546766,0.8905042093777035,0.19349469822302687
2797,1,1,1,0.3431169973553149,0.3873089639162766,0.7304259612715915
2798,0,0,1,0.7821971207365325,0.931716504000615,0.14951938326408257
2799,0,0,1,0.7085549979896624,0.8960897165581951,0.1875347185685327
2800,0,0,1,0.6575859209378239,0.8714317571386406,0.2138458362008168
2801,1,1,1,1.142101246863565,0.0007741796744463853,1.1428754265380114
2802,1,1,1,1.1302495818791853,0.0065078105569865525,1.1367573924361718
2803,1,1,1,0.9538091739904422,0.09186663338333263,1.0456758073737749
2804,1,1,1,0.9125385818618492,0.1118326332560167,1.0243712151178659
2805,1,1,1,0.08214522278531122,0.5135626023812515,0.5957078251665627
2806,1,1,1,0.18985553985150733,0.46145421076599064,0.651309750617498
2807,1,0,0,0.10128271396302402,0.6023018710196251,0.501019157056601
2808,1,0,0,0.3976511860715139,0.7456798205762554,0.3480286345047415
2809,0,0,1,0.5818715080410939,0.8348024315029391,0.2529309234618452
2810,0,0,1,0.7989567211049682,0.9398245092790416,0.14086778817407347
2811,1,1,1,0.2976206611864662,0.40931930579178083,0.706939966978247
2812,0,0,1,0.3586385182015068,0.7268061654734014,0.3681676472718946
2813,1,1,1,0.9365886298472801,0.10019763530108121,1.0367862651483613
2814,0,1,0,0.20667231866548458,0.4533185435428833,0.6599908622083679
2815,0,0,1,0.21903092862393603,0.6592664241717412,0.44023549554780517
2816,0,0,1,0.931979227241273,1.0041785009132325,0.0721992736719594
2817,1,1,1,1.0646578988802005,0.03823993425238526,1.1028978331325858
2818,1,0,0,0.10094083387289177,0.6021364753350954,0.5011956414622036
2819,1,1,1,0.403575756879355,0.35806005997037693,0.7616358168497319
2820,0,0,1,0.9463415231168852,1.0111267316711152,0.06478520855422992
2821,0,0,1,0.028294893420246714,0.5669916236860291,0.5386967302657824
2822,0,1,0,0.2180875657281326,0.44779604411546214,0.6658836098435947
2823,1,1,1,0.38168658626863455,0.36864966276224037,0.7503362490308749
2824,1,1,1,0.7972232705026135,0.16762018979853321,0.9648434603011468
2825,1,1,1,0.8693093526371125,0.13274618793698628,1.0020555405740987
2826,1,1,1,0.005699611276492322,0.550545669280233,0.5562452805567253
2827,1,0,0,0.09784223501198186,0.6006374267081782,0.5027951916961964
2828,0,0,1,0.580899639410711,0.8343322582403401,0.2534326188296291
2829,1,1,1,0.9153249159128838,0.11048465295239347,1.0258095688652773
2830,0,0,1,0.9497980494683114,1.0127989394377852,0.06300088996947384
2831,1,1,1,1.0070884419175867,0.06609104350724113,1.0731794854248278
2832,0,0,1,1.0077426170166923,1.040831520717184,0.03308890370049175
2833,0,0,1,0.24975817395010153,0.6741317349082234,0.4243735609581219
2834,0,0,1,0.9589348755038999,1.0172191781126965,0.05828430260879659
2835,0,0,1,0.4281274640199943,0.7604237176287445,0.3322962536087502
2836,0,0,1,0.7996214972797333,0.9401461165140279,0.1405246192342946
2837,1,1,1,0.5740021929755306,0.27561069285696543,0.8496128858324961
2838,0,0,1,0.9934704903427066,1.0339269122621408,0.04045642191943417
2839,0,0,1,0.9294503272532595,1.0029550627643107,0.07350473551105122
2840,1,0,0,0.2589690366253963,0.6785877912310702,0.4196187546056739
2841,1,1,1,0.5008789465897245,0.3109864568750869,0.8118654034648114
2842,0,0,1,0.7876011274793298,0.934330869154439,0.14672974167510916
2843,1,1,1,1.1205987599277167,0.011176711581084547,1.1317754715088013
2844,0,0,1,0.08906698654515588,0.5963921130178512,0.5073251264726953
2845,1,1,1,0.8087190783235054,0.16205871646727685,0.9707777947907823
2846,0,0,1,0.2968068972680967,0.696893094882175,0.40008619761407826
2847,1,1,1,0.9076548448180622,0.11419530091270183,1.021850145730764
2848,0,0,1,0.973583061158455,1.0243057174093129,0.05072265625085779
2849,1,1,1,0.926016632194122,0.10531218522416623,1.0313288174182882
2850,0,0,1,0.7817564195361251,0.93150330036923,0.149746880833105
2851,0,0,1,0.9454306142478488,1.0106860496884933,0.06525543544064444
2852,0,0,1,0.9077201070472078,0.9924423574337071,0.08472225038649932
2853,0,0,1,0.5125609596564973,0.8012711849458111,0.28871022528931384
2854,0,0,1,0.9029313957610889,0.9901256615978185,0.08719426583672957
2855,1,1,1,0.6702541024890025,0.2290456809689935,0.899299783457996
2856,0,0,1,0.8459052114870446,0.9625373782892688,0.11663216680222417
2857,0,0,1,0.9060235986462002,0.9916216159620805,0.08559801731588029
2858,0,0,1,1.068364089016844,1.0701591421495498,0.0017950531327058043
2859,1,1,1,1.1381587244050537,0.0026815039662670182,1.1408402283713208
2860,1,1,1,0.9585572862297224,0.08956957866530071,1.048126864895023
2861,1,1,1,0.7001890527226681,0.21456366891809087,0.9147527216407589
2862,0,0,1,0.9963599456612859,1.0353247808544577,0.03896483519317179
2863,1,1,1,1.075261750834298,0.03310997376851823,1.1083717246028164
2864,0,0,1,0.8330416794750338,0.9563142236101738,0.12327254413514001
2865,1,1,1,0.28687026033419305,0.41452016410219694,0.70139042443639
2866,0,0,1,0.4878087615100068,0.7892964988666383,0.30148773735663154
2867,1,1,1,0.8777199745347395,0.12867727428500905,1.0063972488197486
2868,0,0,1,0.8898387297420457,0.9837916558424661,0.09395292610042037
2869,0,0,1,0.8269436484745722,0.9533641015038693,0.12642045302929705
2870,0,0,1,0.8948590051855267,0.9862203784193815,0.09136137323385468
2871,0,0,1,0.22841240426381942,0.6638050201009653,0.4353926158371459
2872,1,1,1,0.13426864367599728,0.48834619134395313,0.6226148350199504
2873,1,1,1,0.07523726809612985,0.5169045515836025,0.5921418196797323
2874,0,0,1,0.8777995531084906,0.9779673100617268,0.1001677569532362
2875,0,0,1,0.5753632012553513,0.8316538250557469,0.2562906238003956
2876,0,0,1,0.3180140110707453,0.7071527303670345,0.38913871929628924
2877,1,1,1,0.22312333169890047,0.44535982748891273,0.6684831591878132
2878,1,1,1,0.8517098043114235,0.14126054553416142,0.992970349845585
2879,0,0,1,0.7546283860518745,0.9183792261760357,0.16375084012416116
2880,0,0,1,0.13145781987181832,0.6169000662395043,0.485442246367686
2881,1,0,0,0.18549321615393333,0.6430414579580321,0.4575482418040988
2882,0,0,1,0.4081178782092765,0.7507434255092509,0.3426255472999744
2883,1,0,0,0.23822106407995325,0.6685502803586791,0.4303292162787259
2884,1,1,1,0.19293247912908318,0.459965640671505,0.6528981198005882
2885,0,0,1,0.6255647071450093,0.8559404468003143,0.23037573965530497
2886,0,0,1,0.6902856803718685,0.8872513361420784,0.19696565577020989
2887,1,1,1,0.04418840941503044,0.5319254533080613,0.5761138627230917
2888,0,0,1,0.8707570347730152,0.9745602612907435,0.1038032265177282
2889,0,0,1,1.0180531346533577,1.0458195711231375,0.027766436469779852
2890,0,0,1,1.0662857967680932,1.06915370024446,0.0028679034763667097
2891,1,1,1,0.6207333169891254,0.253002981942651,0.8737362989317763
2892,0,0,1,0.5512263041237034,0.8199768109834533,0.2687505068597499
2893,0,0,1,1.04646204747752,1.059563312624664,0.013101265147144155
2894,1,1,1,0.051772687896295744,0.5282563103328523,0.580028998229148
2895,0,0,1,0.8379540681722885,0.9586907524420926,0.12073668426980409
2896,1,1,1,0.29883210257450055,0.4087332313656157,0.7075653339401162
2897,1,0,0,0.13691486307022027,0.6195400895147953,0.48262522644457506
2898,0,0,1,1.0521377566833279,1.062309122738739,0.010171366055411099
2899,1,1,1,0.49877224835950734,0.31200564110353796,0.8107778894630453
2900,0,0,1,0.9911985757853734,1.0328277992273405,0.0416292234419671
2901,0,0,1,0.8929491449317696,0.9852964210052366,0.09234727607346709
2902,1,1,1,1.0279675678065352,0.05599008291182272,1.083957650718358
2903,1,1,1,0.36394545549760016,0.3772325155018388,0.7411779709994389
2904,1,1,1,0.6732215411527823,0.22761008538076885,0.9008316265335512
2905,1,1,1,0.7182469008842344,0.20582759377355742,0.9240744946577918
2906,1,1,1,0.19952345483613504,0.4567770404275873,0.6563004952637224
2907,1,1,1,0.8337979818776565,0.14992597595294044,0.983723957830597
2908,1,1,1,0.03260738418085651,0.5375281533524561,0.5701355375333126
2909,0,0,1,0.769741303743157,0.92569059480772,0.15594929106456298
2910,0,0,1,0.695703384113757,0.8898723276675633,0.19416894355380632
2911,1,1,1,0.4628484023389956,0.3293849775287824,0.792233379867778
2912,1,1,1,0.9815344206237445,0.07845363778041443,1.059988058404159
2913,0,0,1,0.2673448391453252,0.6826398598693262,0.415295020724001
2914,1,1,1,0.8424089738748876,0.1457601267064673,0.9881691005813549
2915,0,0,1,0.6148421169118248,0.8507530427872209,0.23591092587539608
2916,0,0,1,0.9145193038103829,0.9957316914293262,0.08121238761894325
2917,1,1,1,0.7814806178287645,0.17523621334145728,0.9567168311702218
2918,0,0,1,0.923838181484087,1.0002400035433612,0.07640182205927418
2919,0,1,0,0.4973777628235125,0.3126802691279526,0.8100580319514651
2920,0,1,0,0.00778990185568762,0.5495344227900434,0.557324324645731
2921,0,0,1,1.0391923383726458,1.0560463528822375,0.016854014509591637
2922,0,0,1,0.8377036209371775,0.9585695903940958,0.12086596945691828
2923,0,0,1,0.7682887875736593,0.9249878925648033,0.15669910499114403
2924,0,0,1,0.3950845922237214,0.744438146788814,0.34935355456509265
2925,0,0,1,0.1030520015986287,0.6031578218283064,0.5001058202296776
2926,0,0,1,0.38858196090115116,0.7412922860327092,0.3527103251315581
2927,0,0,1,0.5608908358660286,0.8246523445676475,0.26376150870161885
2928,0,0,1,1.0372588175023285,1.0551109488703372,0.01785213136800871
2929,0,0,1,0.7675962768724603,0.9246528678448068,0.15705659097234648
2930,0,0,1,0.7424043556393966,0.9124654513288334,0.17006109568943684
2931,0,0,1,1.0046039084913874,1.0393130677271867,0.034709159235799224
2932,1,1,1,0.9484062395333837,0.09448047978383084,1.0428867193172144
2933,1,1,1,1.1121858052008724,0.015246753815557254,1.1274325590164296
2934,1,1,1,0.499684474427434,0.31156432188283645,0.8112487963102705
2935,0,0,1,0.6101421219587722,0.8484792663814481,0.23833714442267598
2936,1,1,1,0.7424254119967092,0.19413044757586798,0.9365558595725771
2937,0,0,1,0.8386485284049253,0.9590267203117371,0.12037819190681176
2938,1,1,1,0.7576249325418988,0.1867771819787926,0.9444021145206913
2939,1,1,1,0.3636998007545742,0.37735135902491446,0.7410511597794887
2940,0,0,1,1.013383571931124,1.0435605173051765,0.03017694537405258
2941,1,1,1,0.7718593065746064,0.17989083759974311,0.9517501441743496
2942,1,1,1,0.3700995098243723,0.3742552902775926,0.7443548001019649
2943,1,0,0,0.45635828133210377,0.774081299596628,0.3177230182645242
2944,0,0,1,0.9593366935950204,1.017413570767184,0.05807687717216375
2945,0,0,1,1.0117587042807905,1.0427744343917402,0.031015730110949668
2946,0,0,1,0.900900849168204,0.9891433182166357,0.08824246904843168
2947,0,0,1,0.6629039807963255,0.8740045426738452,0.21110056187751966
2948,1,1,1,1.116127147362445,0.01334000053101584,1.1294671478934608
2949,0,0,1,0.2729750485444084,0.6853636579625306,0.4123886094181222
2950,0,0,1,0.2404362633167847,0.6696219555006964,0.42918569218391167
2951,0,0,1,0.9158476496992838,0.9963743222344776,0.0805266725351939
2952,0,0,1,0.6151635909859148,0.85090856639353,0.2357449754076152
2953,0,0,1,0.4347865100427114,0.7636452491160443,0.32885873907333285
2954,0,0,1,0.630522478240544,0.8583389308529252,0.22781645261238123
2955,1,1,1,0.7317404662373799,0.19929963984249904,0.9310401060798789
2956,0,0,1,0.5836618924088821,0.8356685885463837,0.25200669613750165
2957,1,1,1,0.9941904591824864,0.07233086485132306,1.0665213240338094
2958,0,0,1,1.0026435162597367,1.0383646638146478,0.03572114755491118
2959,1,1,1,0.5022865799863381,0.3103054681427227,0.8125920481290607
2960,1,0,0,0.21572786834514907,0.6576684606411904,0.4419405922960414
2961,0,0,1,0.8410719171402827,0.9601991139384349,0.11912719679815223
2962,0,0,1,0.8787941988458654,0.9784485024954073,0.09965430364954186
2963,1,1,1,1.0686381331362582,0.03631436564406282,1.104952498780321
2964,0,0,1,0.20556046158575225,0.652749644806634,0.44718918322088175
2965,0,0,1,0.34411466905481924,0.7197797780324336,0.3756651089776144
2966,1,1,1,1.143151777514648,0.0002659510844513609,1.1434177285990994
2967,0,0,1,0.8502490571126864,0.9646388557998964,0.11438979868721005
2968,1,1,1,0.7845476963725243,0.17375241369973135,0.9583001100722557
2969,1,1,1,0.6085435491381167,0.2589001811542093,0.867443730292326
2970,0,0,1,0.7684359307452447,0.9250590778905672,0.1566231471453224
2971,1,1,1,0.7183622031493107,0.2057718125285813,0.924134015677892
2972,1,1,1,0.4733962968650623,0.3242820882824072,0.7976783851474695
2973,0,0,1,1.0584579953221915,1.0653667450637518,0.0069087497415604065
2974,1,1,1,0.8590843307706868,0.1376928769655114,0.9967772077361982
2975,1,1,1,1.0009927947453767,0.06904001235859787,1.0700328071039746
2976,1,1,1,0.03446706349318873,0.5366284726113228,0.5710955361045116
2977,0,0,1,0.719139246171863,0.901210193075707,0.1820709469038441
2978,1,1,1,0.747338441936205,0.19175360852202497,0.93909205045823
2979,0,0,1,0.482765575637596,0.7868566926197899,0.3040911169821939
2980,1,1,1,1.0455715956488532,0.047473558201848065,1.0930451538507013
2981,0,0,1,0.8772439376858228,0.9776985129137798,0.10045457522795713
2982,1,0,0,0.161076480451121,0.631229062816845,0.470152582365724
2983,1,1,1,0.24143091963942975,0.43650293255145156,0.6779338521908813
2984,0,0,1,0.9760100133875539,1.0254798349927536,0.04946982160519979
2985,1,1,1,1.0749805000512338,0.0332460380411451,1.1082265380923788
2986,0,0,1,0.6628529354019034,0.8739798477933997,0.21112691239149628
2987,0,0,1,0.8578249802834953,0.9683039566201737,0.11047897633667836
2988,0,0,1,0.5861128578081911,0.8368543232869486,0.2507414654787575
2989,0,0,1,0.22773335086862279,0.663476505793252,0.43574315492462923
2990,0,0,1,0.5026158529854717,0.7964599140556617,0.29384406107019
2991,0,0,1,0.9948156094888558,1.0345776576795334,0.03976204819067757
2992,1,1,1,1.0115477089805527,0.0639337270981615,1.0754814360787142
2993,0,0,1,0.8875910782780267,0.9827042808732722,0.09511320259524551
2994,1,1,1,0.7635716044681973,0.18390028477912507,0.9474718892473223
2995,1,1,1,0.8524551106473169,0.14089997919769612,0.9933550898450131
2996,0,0,1,0.2994429713312028,0.6981683819981042,0.39872541066690137
2997,1,1,1,1.1392340703607267,0.0021612701603851564,1.141395340521112
2998,1,1,1,1.1296667618939742,0.006789768802564041,1.1364565306965382
2999,1,1,1,0.5060309253560491,0.30849401850463665,0.8145249438606857
3000,0,0,1,0.21883061357839728,0.6591695152114515,0.4403389016330542
3001,1,1,1,0.9970261576569038,0.07095900289201851,1.0679851605489223
3002,0,0,1,0.6952454809219912,0.8896508020097775,0.19440532108778624
3003,1,1,1,1.14153164845842,0.001049741547878516,1.1425813900062984
3004,1,1,1,1.0235888937012405,0.058108409839540145,1.0816973035407806
3005,1,1,1,0.793173130094171,0.16957957779634414,0.9627527078905151
3006,0,0,1,0.6440525905535808,0.8648845655721406,0.2208319750185598
3007,0,0,1,0.42822227565367293,0.7604695858600521,0.33224731020637915
3008,0,0,1,0.9903225502733976,1.0324039932105507,0.042081442937153074
3009,1,1,1,0.9142873779242485,0.11098659591663416,1.0252739738408827
3010,0,0,1,0.16349115715979345,0.632397241715459,0.4689060845556655
3011,0,0,1,0.9660285348611972,1.0206509680270102,0.054622433165813
3012,1,1,1,0.24104536336345506,0.4366894580205565,0.6777348213840115
3013,0,0,1,1.0434186011893871,1.058090945860164,0.014672344670776848
3014,0,0,1,1.0230982622665097,1.0482603167506295,0.025162054484119838
3015,1,1,1,0.662509446647806,0.23279241174177975,0.8953018583895858
3016,0,0,1,0.8750250842466026,0.9766250699317423,0.10159998568513964
3017,1,1,1,1.0776871556952747,0.03193660477505723,1.109623760470332
3018,1,1,1,0.7007140086781997,0.21430970429096238,0.9150237129691621
3019,0,0,1,0.9309161385052536,1.0036641969385796,0.07274805843332595
3020,0,0,1,0.8599204498703301,0.9693177086248359,0.1093972587545058
3021,0,0,1,0.6483566825788292,0.8669668109773039,0.21861012839847466
3022,1,1,1,1.002363393127728,0.06837694052666822,1.0707403336543964
3023,1,1,1,0.8150447589244122,0.15899846141499133,0.9740432203394035
3024,0,0,1,0.15257516221830658,0.6271162718439134,0.4745411096256068
3025,0,1,0,0.012968260432233647,0.5470292223228953,0.559997482755129
3026,0,0,1,0.7753050828777368,0.9283822550859766,0.1530771722082398
3027,1,1,1,0.25422437091709305,0.43031368172158413,0.6845380526386772
3028,0,0,1,0.5213943915800461,0.8055446467878753,0.2841502552078292
3029,0,0,1,1.041007102727689,1.056924304542559,0.015917201814869785
3030,1,1,1,0.31701624463994327,0.3999360574110419,0.7169523020509851
3031,0,0,1,0.17382947637122942,0.6373987420432502,0.4635692656720208
3032,0,0,1,0.5170263750738279,0.8034314758225716,0.2864051007487437
3033,0,0,1,0.31012773880817845,0.7033374880148108,0.3932097492066323
3034,1,1,1,1.0865914068540024,0.027628881809814706,1.114220288663817
3035,0,0,1,0.22419883679733982,0.6617665689142911,0.43756773211695127
3036,1,1,1,0.8545148257399707,0.13990352459996333,0.9944183503399341
3037,0,0,1,0.2845391217230213,0.6909581568951478,0.4064190351721265
3038,0,0,1,0.3788660726327642,0.7365919070479544,0.35772583441519024
3039,1,1,1,0.9984826176286432,0.07025439270567294,1.0687370103343161
3040,1,1,1,1.0719723547532942,0.03470132679611465,1.106673681549409
3041,1,0,0,0.26632757270552065,0.6821477239303908,0.41582015122487015
3042,0,0,1,0.6634976341581738,0.8742917419199852,0.21079410776181134
3043,1,1,1,0.5690997605613959,0.27798240501102106,0.8470821655724169
3044,1,1,1,0.42157067877176746,0.349354427468343,0.7709251062401105
3045,1,1,1,1.1430945136347324,0.0002936543608071576,1.1433881679955396
3046,1,1,1,0.30869432025194177,0.4039620607393588,0.7126563809913006
3047,1,1,1,0.37225304989773544,0.3732134447742227,0.7454664946719581
3048,0,0,1,1.0469806012472607,1.0598141799848504,0.012833578737589627
3049,0,0,1,0.7495076512071873,0.9159019030754001,0.1663942518682128
3050,1,1,1,0.0648045839631386,0.5219517040310893,0.5867562879942279
3051,1,1,1,0.987848648219985,0.07539892349403299,1.063247571714018
3052,0,0,1,0.6303654979637306,0.8582629865055046,0.22789748854177397
3053,0,0,1,0.9200058332035894,0.9983859796165399,0.0783801464129504
3054,1,1,1,1.0640879322866765,0.03851567424899772,1.1026036065356744
3055,1,1,1,0.9627521212835636,0.08754018989641756,1.0502923111799811
3056,0,0,1,1.061321432905019,1.0667520267247474,0.0054305938197284805
3057,0,0,1,0.74904369100525,0.9156774471406768,0.16663375613542672
3058,0,0,1,0.5689138364371161,0.8285337337147127,0.2596198972775966
3059,0,0,1,1.0150156241461403,1.0443500759869542,0.029334451840813756
3060,0,0,1,0.9105680036249191,0.9938201206247665,0.08325211699984751
3061,1,1,1,0.22838299855684063,0.44281529147913645,0.6711982900359771
3062,1,1,1,1.018242513892261,0.06069489607779915,1.0789374099700602
3063,0,0,1,0.36248086416157327,0.7286650261049731,0.3661841619433998
3064,0,0,1,1.004166633367909,1.0391015215726633,0.03493488820475452
3065,1,1,1,0.996920890624376,0.07100992926476107,1.067930819889137
3066,1,1,1,0.2674969630432058,0.42389263082232753,0.6913895938655333
3067,1,0,0,0.13467112934525705,0.6184546098801109,0.48378348053485387
3068,1,1,1,1.0695004160323642,0.03589720806754365,1.105397624099908
3069,1,1,1,0.33008067301253113,0.3936157125414789,0.7236963855540101
3070,1,1,1,0.9744929780484081,0.0818601661172172,1.0563531441656253
3071,1,1,1,1.0110778118388488,0.0641610552218338,1.0752388670606825
3072,0,0,1,0.9361569475382489,1.0061996098582562,0.07004266232000737
3073,0,0,1,1.0200185928647054,1.046770425869182,0.02675183300447645
3074,0,0,1,0.7291584111021983,0.9060572920729827,0.1768988809707845
3075,0,0,1,1.0528263218838783,1.0626422386936467,0.009815916809768512
3076,0,0,1,0.633342338234296,0.8597031304287591,0.22636079219446317
3077,1,1,1,0.3263773769180244,0.39540730324899886,0.7217846801670232
3078,0,0,1,0.7152606326533077,0.8993337868255527,0.18407315417224493
3079,0,0,1,0.29577497858712815,0.6963938704419576,0.4006188918548294
3080,1,1,1,0.18617205314443575,0.46323621803390846,0.6494082711783442
3081,1,1,1,0.40841991930047344,0.35571653783282314,0.7641364571332966
3082,0,0,1,0.8322196912786534,0.9559165599136331,0.12369686863497971
3083,1,1,1,0.6981099588772272,0.21556949862181862,0.9136794574990458
3084,0,0,1,1.0166238305211925,1.0451280984630915,0.028504267941898906
3085,0,0,1,0.5803372682685982,0.8340601927919734,0.2537229245233752
3086,1,0,0,0.2600904126240985,0.6791302935769913,0.4190398809528928
3087,1,1,1,0.8490693558268289,0.14253794891967575,0.9916073047465046
3088,0,0,1,0.6332490856847803,0.8596580164554496,0.22640893077066931
3089,0,0,1,0.521564399393233,0.8056268936324533,0.28406249423922036
3090,0,0,1,0.22353977295097688,0.6614477252051538,0.43790795225417695
3091,1,1,1,0.8581005485651896,0.13816881381004475,0.9962693623752343
3092,1,0,0,0.045137809757691105,0.575139935791686,0.5300021260339949
3093,1,1,1,1.1357370075203854,0.0038530887804686933,1.139590096300854
3094,1,1,1,1.1107895257894869,0.015922249685911848,1.1267117754753988
3095,0,0,1,0.9297433965649425,1.0030968446370185,0.07335344807207599
3096,0,0,1,1.0098673657868147,1.0418594374851715,0.031992071698356904
3097,0,0,1,0.818907837413443,0.9494765148629143,0.13056867744947134
3098,1,1,1,0.9131849670730074,0.11151992325167567,1.0247048903246831
3099,0,0,1,0.00755119488297229,0.5569561805049928,0.5494049856220206
3100,0,1,0,0.6479398563311216,0.2398409279710015,0.8877807843021231
3101,1,1,1,0.521494855626664,0.3010128360478339,0.8225076916744979
3102,1,0,0,0.4255031183383488,0.7591541045012578,0.33365098616290895
3103,0,0,1,0.48810694162918633,0.789440753259767,0.3013338116305807
3104,1,1,1,0.03414676422076335,0.5367834278688713,0.5709301920896347
3105,1,1,1,0.9993238471280443,0.06984742039896102,1.0691712675270053
3106,1,1,1,0.07499470178303203,0.5170219009776054,0.5920166027606374
3107,0,0,1,0.6761960683967969,0.8804350251469777,0.20423895675018072
3108,1,1,1,0.16235493873446555,0.4747585267469862,0.6371134654814518
3109,0,0,1,0.5345461797284834,0.8119072548085957,0.2773610750801124
3110,1,1,1,0.14298729315787245,0.4841282592652783,0.6271155524231508
3111,0,0,1,0.6815250638518072,0.8830131011349535,0.20148803728314624
3112,1,1,1,0.6075442273352223,0.25938363578764884,0.8669278631228711
3113,0,0,1,0.9740637039821335,1.024538244108384,0.05047454012625043
3114,0,0,1,0.9577217521001012,1.0166322899563471,0.05891053785624589
3115,0,0,1,0.9216054661848995,0.9991598544328173,0.07755438824791787
3116,0,0,1,0.8307069571435866,0.9551847252587282,0.12447776811514168
3117,1,0,0,0.0651021428857056,0.5847983354446437,0.5196961925589381
3118,1,1,1,0.7119440767806287,0.2088767912471007,0.9208208680277293
3119,1,1,1,0.155910757004887,0.4778761105992222,0.6337868676041092
3120,1,1,1,0.8422157406494812,0.14585360960445526,0.9880693502539365
3121,1,1,1,1.0699096705938043,0.03569921777711739,1.1056088883709216
3122,0,0,1,0.058873319361077425,0.5817849381734779,0.5229116188124004
3123,0,0,1,0.502119858937206,0.7962199606991974,0.2941001017619915
3124,0,0,1,0.7538608515129561,0.9180079062187505,0.16414705470579435
3125,1,1,1,0.7965594781804304,0.16794132106262802,0.9645007992430584
3126,0,0,1,0.8828024455582025,0.9803876230464004,0.09758517748819784
3127,0,0,1,0.9826626681422601,1.0286982744949447,0.04603560635268457
3128,0,0,1,1.0052082938173907,1.0396054589122812,0.03439716509489041
3129,1,1,1,1.1319428756836285,0.005688624251672851,1.1376314999353014
3130,0,1,0,0.11845921219193523,0.4959945213222211,0.6144537335141563
3131,0,0,1,1.034626604613891,1.0538375297240437,0.019210925110152627
3132,1,1,1,0.7919978633621817,0.17014815154852472,0.9621460149107064
3133,0,0,1,0.427530670365495,0.7601349991632419,0.3326043287977469
3134,1,1,1,1.0899586463277202,0.02599986949290704,1.1159585158206273
3135,0,0,1,0.3109877146795348,0.7037535294925902,0.3927658148130554
3136,1,1,1,0.4041975012385482,0.35775927078475506,0.7619567720233033
3137,1,1,1,0.5779696984871785,0.2736912821954074,0.8516609806825859
3138,0,0,1,1.0628638251026943,1.067498209438251,0.004634384335556734
3139,0,0,1,0.9964478581314087,1.0353673113895614,0.038919453258152686
3140,1,1,1,1.1249149130729805,0.009088631214311358,1.1340035442872918
3141,0,0,1,0.946401672230955,1.0111558307739368,0.06475415854298186
3142,1,1,1,1.048675407474365,0.045971987632666224,1.0946473951070312
3143,0,0,1,0.18313325742120634,0.641899750671392,0.4587664932501857
3144,0,0,1,0.9891083706617317,1.0318165940790722,0.04270822341734048
3145,0,0,1,1.0020741881248139,1.0380892326932827,0.03601504456846879
3146,0,0,1,0.6172799955073549,0.851932446358081,0.2346524508507261
3147,0,0,1,0.7720001486054476,0.9267833849497268,0.15478323634427918
3148,0,0,1,0.9416681969829008,1.0088658571795301,0.0671976601966293
3149,0,0,1,0.05977015201981606,0.5822188103286048,0.5224486583087887
3150,0,0,1,0.6317968042537382,0.8589554277749446,0.22715862352120644
3151,1,1,1,0.6347299594056663,0.24623164801470734,0.8809616074203737
3152,1,1,1,1.1400860654654472,0.001749089639704211,1.1418351551051513
3153,0,0,1,0.004962022980498859,0.5557035838445411,0.5507415608640422
3154,0,0,1,0.5997352839437007,0.8434446178395387,0.243709333895838
3155,0,0,1,0.4365926840826758,0.7645190449302552,0.3279263608475794
3156,0,0,1,0.9299114767071331,1.0031781589076527,0.07326668220051955
3157,1,1,1,0.3562520641331661,0.38095444540592605,0.7372065095390922
3158,1,1,1,0.5347828041565156,0.29458435598559995,0.8293671601421155
3159,1,1,1,0.2919883557573667,0.412044117908116,0.7040324736654827
3160,1,1,1,0.08304807449945595,0.5131258183110473,0.5961738928105033
3161,1,1,1,0.919379552396195,0.10852308983119258,1.0279026422273876
3162,0,0,1,0.9978142040386621,1.036028325947464,0.03821412190880204
3163,0,0,1,0.19141935727136444,0.6459084227068651,0.45448906543550066
3164,1,0,0,0.03799501770526603,0.5716843763278197,0.5336893586225536
3165,0,0,1,0.6223117476158123,0.85436672114735,0.23205497353153767
3166,0,0,1,0.8857151542250784,0.9817967412071189,0.09608158698204054
3167,1,1,1,0.5793935753303647,0.2730024351640589,0.8523960104944237
3168,1,1,1,0.8755541399511252,0.12972506766015526,1.0052792076112804
3169,0,0,1,0.9282438147619062,1.002371372853255,0.07412755809134887
3170,0,0,1,0.27702121934799884,0.6873211255340553,0.4102999061860565
3171,1,1,1,0.35238813833737864,0.3828237459894111,0.7352118843267897
3172,0,0,1,0.9443679568348778,1.0101719543804837,0.06580399754560587
3173,0,0,1,0.8013537465984844,0.9409841488245378,0.1396304022260535
3174,0,0,1,0.9501483012635594,1.0129683852086997,0.06282008394514027
3175,1,0,0,0.18810820775337328,0.6443065457420603,0.456198337988687
3176,0,0,1,0.5867012414447168,0.8371389731309673,0.2504377316862505
3177,0,0,1,0.46028170521373546,0.7759793843267201,0.31569767911298463
3178,0,0,1,0.8336292915099487,0.956598500166656,0.12296920865670732
3179,1,1,1,1.1255943918466935,0.00875991111581657,1.13435430296251
3180,1,1,1,0.7749260220056499,0.17840721362567977,0.9533332356313297
3181,0,0,1,1.028501812599136,1.0508744611010934,0.022372648501957373
3182,0,0,1,0.8881254667869276,0.9829628088068535,0.09483734201992583
3183,1,1,1,0.6185195441858351,0.2540739670007505,0.8725935111865856
3184,1,1,1,1.096692842293613,0.022741981760676266,1.1194348240542893
3185,0,0,1,0.44775410206691885,0.7699187462322866,0.3221646441653678
3186,1,1,1,0.5791490399219348,0.27312073717238405,0.8522697770943188
3187,0,1,0,0.2526007858087863,0.43109914416333295,0.6836999299721193
3188,0,0,1,1.057400669210376,1.0648552289471882,0.00745455973681232
3189,0,0,1,0.9556063798001772,1.0156089093627427,0.06000252956256562
3190,0,0,1,0.9505075879068963,1.0131422018831193,0.06263461397622304
3191,1,1,1,0.6981156247782941,0.21556675755671273,0.9136823823350069
3192,1,1,1,0.8973182091238816,0.11919598678391345,1.016514195907795
3193,1,1,1,0.12384194747047172,0.4933904469355226,0.6172323944059943
3194,0,0,1,0.4067131732421011,0.7500638535004851,0.343350680258384
3195,1,1,1,1.118347385732237,0.012265887543480417,1.1306132732757175
3196,1,0,0,0.22584969577700503,0.6625652259840785,0.4367155302070735
3197,0,0,1,0.9893387948409446,1.0319280693183537,0.042589274477409164
3198,1,1,1,0.39308839683999974,0.3631336636773005,0.7562220605173002
3199,0,0,1,0.8216465878726139,0.9508014750463966,0.12915488717378262
3200,1,1,1,0.23288317330577835,0.4406381846379168,0.6735213579436952
3201,0,0,1,0.6773474131396118,0.880992025853845,0.20364461271423312
3202,1,1,1,0.46114066556348693,0.33021115109411775,0.7913518166576047
3203,1,1,1,0.9674293613816205,0.08527742189659483,1.0527067832782153
3204,0,0,1,0.9802541218649247,1.0275330613931604,0.04727893952823573
3205,0,0,1,1.0132018287807447,1.0434725931070932,0.03027076432634853
3206,0,0,1,0.8847236525045831,0.9813170697945186,0.0965934172899355
3207,1,1,1,0.0017891101799440978,0.5524375021900332,0.5542266123699773
3208,1,0,0,0.027246288242647965,0.5664843266068595,0.5392380383642116
3209,0,0,1,0.9941089232301468,1.0342357750695759,0.04012685183942906
3210,1,1,1,1.1176195607110972,0.012617996721709202,1.1302375574328065
3211,1,1,1,1.1226411080824379,0.010188658808057137,1.132829766890495
3212,0,0,1,1.0472340199202352,1.059936779563179,0.012702759642943812
3213,0,0,1,0.9151899690789493,0.9960561477062094,0.08086617862726006
3214,0,0,1,1.0565134621136154,1.0644260134727466,0.007912551359131062
3215,1,1,1,0.5208141946537408,0.30134212807389404,0.8221563227276348
3216,1,1,1,0.4069152123931518,0.35644448905354714,0.763359701446699
3217,0,0,1,0.20495463874466774,0.652456558176564,0.44750191943189627
3218,1,0,0,0.06302893045737124,0.5837953510689605,0.5207664206115893
3219,1,1,1,0.6876170758771946,0.2206457742417556,0.9082628501189501
3220,1,1,1,0.8133296240556382,0.1598282140501092,0.9731578381057474
3221,0,0,1,1.0159710782395899,1.0448123081800065,0.028841229940416626
3222,0,0,1,1.0430331319648392,1.0579044625050362,0.01487133054019697
3223,0,0,1,0.8231854217952607,0.9515459363278803,0.12836051453261965
3224,1,1,1,0.8511179242625033,0.14154688688212566,0.992664811144629
3225,0,0,1,0.5717334857167069,0.8298978313506736,0.2581643456339668
3226,1,0,0,0.005201564310753359,0.5558194698040753,0.5506179054933219
3227,0,0,1,0.94266767401798,1.0093493869116203,0.06668171289364035
3228,1,1,1,0.4400340674822834,0.34042215880849797,0.7804562262907814
3229,1,1,1,0.91629225559669,0.11001667071594921,1.0263089263126393
3230,0,0,1,0.03731629458520003,0.5713560218015119,0.5340397272163119
3231,1,1,1,0.708262326051105,0.21065795867905507,0.9189202847301601
3232,1,1,1,0.16584056920990137,0.473072238907647,0.6389128081175484
3233,0,0,1,0.256570962848586,0.6774276445442163,0.42085668169563034
3234,0,0,1,0.8525750853283744,0.9657641480882547,0.11318906275988026
3235,1,1,1,0.049993364583413524,0.5291171162289192,0.5791104808123327
3236,0,0,1,0.23181006989494263,0.665448752067472,0.4336386821725294
3237,1,1,1,0.777210109093185,0.17730221173094493,0.95451232082413
3238,1,0,0,0.027501474769223155,0.5666077814422357,0.5391063066730125
3239,1,1,1,0.698834372464914,0.21521903983619084,0.9140534123011048
3240,1,0,0,0.11762023393026177,0.6102056810878079,0.49258544715754615
3241,0,0,1,0.5006370569956398,0.7955026067226836,0.29486554972704376
3242,1,0,0,0.12955455606279087,0.6159793000714222,0.48642474400863134
3243,1,1,1,0.6772224987378016,0.22567449118371433,0.9028969899215159
3244,1,1,1,0.8940553957110453,0.12077447957564023,1.0148298752866856
3245,0,0,1,1.001391341114718,1.0377588831001836,0.03636754198546559
3246,1,1,1,1.084796279090453,0.02849733362622668,1.1132936127166797
3247,0,0,1,0.7853562518933372,0.9332448371071046,0.14788858521376733
3248,1,1,1,0.7095807912265928,0.21002010799244747,0.9196008992190402
3249,1,0,0,0.23542189376155676,0.6671960900905437,0.43177419632898695
3250,1,1,1,1.0697784290868608,0.03576271015209365,1.1055411392389545
3251,1,1,1,0.38938673273204527,0.3649244648579052,0.7543111975899505
3252,1,1,1,1.0206933284772457,0.059509234298600285,1.080202562775846
3253,1,1,1,0.03735321367574762,0.5352322029867445,0.5725854166624921
3254,0,0,1,0.7960243874920578,0.9384058969082859,0.1423815094162281
3255,1,1,1,0.7619955655156149,0.18466274521169065,0.9466583107273056
3256,1,1,1,0.3838393579123293,0.3676081890118759,0.7514475469242052
3257,1,1,1,0.5352341158929781,0.29436601916007843,0.8296001350530565
3258,1,1,1,1.1435095483916162,9.286771162891577e-05,1.1436024161032452
3259,0,0,1,1.0081479263032151,1.0410276023517266,0.03287967604851157
3260,1,1,1,0.7108128280732431,0.20942406983901568,0.9202368979122587
3261,1,0,0,0.08022348208529984,0.5921137782566391,0.5118902961713393
3262,1,1,1,0.6849409138019106,0.22194045524579634,0.9068813690477069
3263,0,0,1,0.89239915831244,0.985030346975155,0.09263118866271498
3264,1,1,1,0.6110052127805701,0.25770927078833256,0.8687144835689026
3265,1,1,1,0.8975041536988451,0.11910603000916017,1.0166101837080053
3266,1,1,1,0.5494705529418176,0.2874786767294455,0.8369492296712631
3267,0,0,1,0.7610267531526385,0.92147464570191,0.1604478925492715
3268,1,0,0,0.01506842001765396,0.5605928842289021,0.5455244642112481
3269,0,0,1,1.0578897336382014,1.065091829872934,0.0072020962347326325
3270,1,0,0,0.19781134896816577,0.6490007579223832,0.45118940895421744
3271,0,0,1,1.0441925430290662,1.0584653655589253,0.014272822529859218
3272,0,0,1,0.718654919292372,0.9009758840940447,0.1823209648016727
3273,0,0,1,1.0085150679909078,1.0412052191609764,0.032690151170068564
3274,0,1,0,0.7136984643009175,0.20802804885693615,0.9217265131578537
3275,0,0,1,0.4631597601542233,0.7773717376129611,0.3142119774587378
3276,1,1,1,0.5547808947271357,0.284909625064783,0.8396905197919187
3277,1,1,1,0.8253678322410571,0.1540043367878565,0.9793721690289137
3278,1,1,1,1.063549671177822,0.038776075679570254,1.1023257468573924
3279,1,1,1,0.6405819958566961,0.2434005338239504,0.8839825296806465
3280,0,0,1,1.0257402473391302,1.0495384635108993,0.023798216171769065
3281,0,0,1,0.9538441490236967,1.0147563725406585,0.060912223516961794
3282,1,1,1,0.7205424968345027,0.20471702408975015,0.9252595209242528
3283,1,1,1,0.7129281193766807,0.20840072843011295,0.9213288478067936
3284,0,0,1,0.5582085457637728,0.8233546989299674,0.2651461531661946
3285,1,1,1,0.2667890416211965,0.4242351109829627,0.6910241526041592
3286,0,0,1,0.738890589814885,0.9107655520934106,0.1718749622785256
3287,1,1,1,1.1177877121496615,0.012536647959120512,1.130324360108782
3288,1,1,1,1.0293483667146188,0.05532207624167137,1.0846704429562901
3289,1,1,1,0.2005896851971885,0.45626121658898783,0.6568509017861763
3290,1,1,1,0.4963916487386942,0.31315733409543806,0.8095489828341322
3291,0,0,1,1.0594018179653897,1.0658233501620071,0.0064215321966174235
3292,1,1,1,0.7600759851859504,0.18559140503072763,0.945667390216678
3293,0,0,1,0.8976954542352155,0.9875926034940424,0.08989714925882694
3294,0,0,1,0.9881477780275058,1.0313518759487168,0.04320409792121108
3295,0,0,1,0.8198916016056526,0.9499524429929301,0.1300608413872776
3296,0,0,1,1.0053699683767896,1.0396836742725628,0.034313705895773254
3297,1,1,1,0.37308393303623727,0.37281147785826824,0.7458954108945055
3298,0,0,1,0.9512033097450023,1.0134787800957064,0.06227547035070397
3299,0,0,1,0.7192502350768446,0.9012638875915461,0.18201365251470147
3300,0,0,1,0.20365132640676542,0.6518260381711436,0.4481747117643782
3301,0,0,1,0.7846454251547037,0.9329009514044513,0.1482555262497476
3302,0,0,1,0.9546210303615357,1.015132214317875,0.060511183956339205
3303,0,0,1,1.007866931175718,1.040891661760849,0.033024730585130974
3304,0,0,1,0.685003270066059,0.884695797244923,0.19969252717886396
3305,1,1,1,1.0983305263223067,0.02194969850468345,1.12028022482699
3306,0,0,1,0.8643975112066922,0.9714836335961394,0.10708612238944722
3307,1,1,1,0.5854696242708877,0.27006294759879923,0.8555325718696869
3308,1,1,1,0.8411439836569048,0.1463721071319599,0.9875160907888647
3309,1,0,0,0.21154920079979395,0.6556468934337564,0.4440976926339624
3310,0,0,1,0.902839231730848,0.9900810742313392,0.08724184250049115
3311,1,1,1,0.3060429459726269,0.4052447498357084,0.7112876958083353
3312,0,0,1,0.7705332609464096,0.926073730028316,0.15554046908190633
3313,0,0,1,0.6230052413204836,0.8547022214274533,0.23169698010696968
3314,1,1,1,0.49697380605454883,0.31287569643785323,0.8098495024924021
3315,1,1,1,0.6019470707744785,0.2620914434883718,0.8640385142628504
3316,1,1,1,1.0102451224989741,0.06456389594682549,1.0748090184457997
3317,0,0,1,0.9239920681431533,1.0003144512519317,0.07632238310877844
3318,1,1,1,0.19288972031014273,0.45998632664981287,0.6528760469599556
3319,0,0,1,0.9986080312684177,1.0364123658545934,0.037804334586175686
3320,0,1,0,0.14148988871969786,0.4848526776775171,0.626342566397215
3321,1,1,1,0.039103231532806815,0.5343855745642017,0.5734888060970085
3322,0,0,1,0.5590023737427394,0.823738739199552,0.26473636545681256
3323,0,0,1,0.953267308941118,1.0144773072687225,0.061209998327604515
3324,0,0,1,0.8799650615079869,0.9790149456346288,0.09904988412664183
3325,1,1,1,0.452060686403606,0.3346038882321089,0.7866645746357149
3326,0,0,1,0.9975596124232555,1.0359051589198394,0.03834554649658383
3327,0,0,1,0.8827201906900874,0.9803478295614608,0.09762763887137343
3328,1,1,1,1.1267622484473383,0.008194922257233376,1.1349571707045716
3329,0,0,1,0.9103283488947551,0.9937041798043142,0.08337583090955913
3330,0,0,1,0.9989796832157751,1.0365921646495924,0.03761248143381728
3331,0,0,1,1.0652944451257191,1.0686741014370633,0.0033796563113441566
3332,0,0,1,0.7447815992088092,0.9136155207210132,0.16883392151220403
3333,1,1,1,1.0748088165048624,0.0333290955765038,1.1081379120813661
3334,0,0,1,0.4628221545377462,0.7772084098449805,0.3143862553072343
3335,1,1,1,1.0366843284538088,0.051773064618714594,1.0884573930725234
3336,0,0,1,0.8906434898545965,0.9841809848895189,0.0935374950349224
3337,1,0,0,0.14310737049144379,0.6225359176821863,0.4794285471907425
3338,1,1,1,0.16268672661393402,0.4745980134997184,0.6372847401136524
3339,1,1,1,1.0628773269005414,0.03910134423187885,1.1019786711324202
3340,1,1,1,0.8809706853942931,0.12710463649959158,1.0080753218938847
3341,1,1,1,1.1363200345790267,0.0035710303563410203,1.1398910649353677
3342,1,1,1,0.8821064415426308,0.12655517728557164,1.0086616188282025
3343,1,1,1,0.2964356509985066,0.4098925932597243,0.7063282442582309
3344,1,0,0,0.17507470716245827,0.6380011631992557,0.46292645603679744
3345,1,1,1,0.8713246811377995,0.13177120680604545,1.003095887943845
3346,0,0,1,0.07088406851585705,0.587595531230829,0.5167114627149719
3347,0,0,1,0.06917907593953343,0.5867706852616765,0.5175916093221431
3348,0,0,1,1.0515587457804412,1.0620290072614205,0.010470261480979338
3349,1,1,1,0.4929325639050521,0.31483077961162814,0.8077633435166802
3350,1,1,1,1.0645401894987618,0.038296880018695,1.1028370695174567
3351,0,0,1,0.9633696731001209,1.019364656616267,0.055994983516146235
3352,1,1,1,0.6497985387677998,0.23894172950109716,0.888740268268897
3353,1,1,1,1.0365885268042918,0.05181941180259069,1.0884079386068826
3354,0,1,0,0.13944830620905274,0.48584036004516057,0.6252886662542133
3355,0,0,1,0.6510712526718231,0.8682800731171402,0.2172088204453171
3356,1,0,0,0.16470714840099998,0.6329855172820287,0.4682783688810287
3357,1,1,1,0.14085490110463972,0.4851598737216617,0.6260147748263014
3358,0,0,1,0.9286275725862566,1.0025570282625171,0.07392945567626048
3359,0,0,1,0.017770033686235753,0.5618998782743201,0.5441298445880843
3360,0,0,1,0.6050493544067587,0.8460154733741105,0.24096611896735184
3361,0,0,1,0.632233783029909,0.8591668305617572,0.22693304753184823
3362,1,1,1,0.1390221024664453,0.48604655005678243,0.6250686525232277
3363,0,0,1,0.8984450796355684,0.987955259319318,0.08951017968374961
3364,1,1,1,0.6640083847810461,0.23206725135434986,0.8960756361353959
3365,0,0,1,0.7004009188361809,0.8921449138562375,0.19174399502005657
3366,0,0,1,0.2544557846510197,0.6764043578539812,0.42194857320296153
3367,0,0,1,0.2250562061462814,0.6621813494015318,0.4371251432552504
3368,0,0,1,0.3919348606022278,0.7429143610152108,0.350979500412983
3369,0,1,0,0.9185926071164098,0.10890380036975342,1.0274964074861632
3370,1,1,1,0.31345596224086053,0.4016584605620633,0.7151144228029238
3371,0,0,1,0.8832216643842664,0.9805904338760036,0.09736876949173724
3372,0,0,1,0.9544326705580874,1.0150410890972832,0.060608418539195796
3373,1,1,1,0.21171597308295748,0.45087851062202394,0.6625944837049814
3374,1,1,1,0.40772119019225783,0.3560545709107641,0.7637757611030219
3375,0,0,1,1.0634774295722131,1.067795060685796,0.004317631113582816
3376,1,1,1,0.15339415841538312,0.47909359754394715,0.6324877559593303
3377,1,1,1,0.5531757516450377,0.2856861655726814,0.8388619172177192
3378,1,1,1,0.24349603492973948,0.43550386543133546,0.6789999003610749
3379,1,1,1,0.4911459161300405,0.31569512895600543,0.8068410450860459
3380,1,1,1,0.6856406150102814,0.22160195188258508,0.9072425668928664
3381,0,0,1,0.9982031297467419,1.036216481489643,0.03801335174290125
3382,0,0,1,0.9740113919060468,1.0245129364292203,0.05050154452317344
3383,0,0,1,0.44866110963998096,0.770357540835278,0.321696431195297
3384,1,0,0,0.11786265914266458,0.6103229622197308,0.49246030307706623
3385,0,0,1,0.9033498116533799,0.9903280839819263,0.0869782723285464
3386,1,1,1,0.8321199851809289,0.15073776178166895,0.9828577469625979
3387,0,0,1,1.0697580060131038,1.0708334951242573,0.001075489111153495
3388,1,1,1,1.133648918689276,0.004863270102950748,1.1385121887922267
3389,0,0,1,0.8429693210129391,0.9611170451704815,0.11814772415754236
3390,1,1,1,0.6635042029229545,0.23231116583183298,0.8958153687547875
3391,0,0,1,1.012315832662613,1.0430439634832027,0.030728130820589707
3392,1,1,1,0.6238237205616108,0.2515078980547694,0.8753316186163803
3393,1,1,1,1.128555561465472,0.007327348383319046,1.135882909848791
3394,0,0,1,0.7121277331243494,0.8978181441276866,0.1856904110033371
3395,1,1,1,0.9722600689502805,0.08294040898434196,1.0552004779346225
3396,1,0,0,0.12726856990069801,0.6148733794372067,0.48760480953650864
3397,1,1,1,0.4429803137474395,0.33899681573680873,0.7819771294842482
3398,0,0,1,0.05719144791500119,0.5809712778079179,0.5237798298929167
3399,1,1,1,0.12931857944326547,0.4907409469494107,0.6200595263926761
3400,0,1,0,0.05608189555307197,0.5261715900734849,0.5822534856265569
3401,0,0,1,0.8970015084802067,0.9872568845197911,0.0902553760395844
3402,0,0,1,0.7607841445142239,0.9213572758316497,0.16057313131742576
3403,0,0,1,0.31364925085838297,0.7050411347404735,0.3913918838820905
3404,1,1,1,0.1308656130705249,0.48999251879241557,0.6208581318629405
3405,1,1,1,0.644962901629743,0.24128112725390763,0.8862440288836506
3406,0,0,1,1.02452257472191,1.0489493745236456,0.024426799801735646
3407,0,0,1,0.7038126633696572,0.8937954569526091,0.1899827935829519
3408,1,1,1,0.5643835713494854,0.28026401591961086,0.8446475872690963
3409,1,1,1,0.3947383933514865,0.36233542385472595,0.7570738172062125
3410,0,0,1,1.0493856875063967,1.0609777191895722,0.01159203168317542
3411,1,1,1,0.7765606030459908,0.17761643154187418,0.954177034587865
3412,0,0,1,0.9131662437273022,0.9950771043237584,0.0819108605964562
3413,1,0,0,0.08370682162754728,0.5937989577820582,0.5100921361545109
3414,1,1,1,0.44085820203619164,0.34002345674124546,0.7808816587774371
3415,1,1,1,0.21234659007867696,0.4505734290080501,0.662920019086727
3416,1,1,1,1.031701784007185,0.05418353359083325,1.085885317598018
3417,1,1,1,0.6503644174975254,0.2386679671424072,0.8890323846399326
3418,1,1,1,0.6376494819851819,0.24481923340070622,0.8824687153858881
3419,0,0,1,1.0584248305870352,1.0653507005375225,0.006925869950487276
3420,1,1,1,1.1348220242917464,0.004295741867916259,1.1391177661596628
3421,0,0,1,0.83650916670777,0.9579917340619655,0.12148256735419544
3422,1,1,1,0.854520510913064,0.13990077421138397,0.9944212851244479
3423,0,0,1,0.869952474438459,0.974171028892835,0.10421855445437594
3424,0,0,1,0.9261620647866824,1.0013642581598003,0.075202193373118
3425,0,1,0,0.01489802347884095,0.5460956362812214,0.5609936597600623
3426,1,1,1,0.6368388316946827,0.24521141201414764,0.8820502437088303
3427,1,1,1,0.9388879828217845,0.09908524803381906,1.0379732308556036
3428,1,1,1,0.3448906878944259,0.38645088305890174,0.7313415709533276
3429,1,1,1,0.5737126782783584,0.2757507550685487,0.8494634333469071
3430,1,1,1,0.2730400000717326,0.4212110052168356,0.6942510052885682
3431,0,0,1,0.8981526339283696,0.9878137791356922,0.08966114520732262
3432,0,0,1,0.009786327452133259,0.558037499049012,0.5482511715968788
3433,1,1,1,1.1240370993113247,0.009513302355419497,1.1335504016667441
3434,0,0,1,0.9033583156443411,0.9903321980659191,0.08697388242157802
3435,1,1,1,0.7558203036255672,0.18765023028886896,0.9434705339144361
3436,1,0,0,0.26617134596005115,0.6820721441284234,0.4159007981683723
3437,1,1,1,0.8027267837681941,0.16495768510711717,0.9676844688753112
3438,1,1,1,0.1656627281172316,0.4731582753575855,0.6388210034748171
3439,0,0,1,0.53659671048144,0.8128992661813644,0.27630255569992446
3440,0,0,1,1.0713434554185632,1.071600508171439,0.0002570527528758592
3441,1,1,1,0.38442962259160646,0.36732262915185315,0.7517522517434596
3442,1,1,1,0.6442855820178119,0.24160880278721347,0.8858943848050254
3443,1,1,1,0.09924561895135686,0.5052897259802956,0.6045353449316525
3444,1,1,1,0.697235301730868,0.21599264264695003,0.9132279443778181
3445,1,1,1,1.1344100090347984,0.004495067735161731,1.1389050767699602
3446,0,0,1,0.5676827485297278,0.8279381546417109,0.2602554061119832
3447,1,1,1,0.6659281150586299,0.2311385189930986,0.8970666340517285
3448,1,1,1,0.9574032539216055,0.09012787956985611,1.0475311334914617
3449,0,0,1,0.06760059136130603,0.5860070416776513,0.5184064503163452
3450,1,0,0,0.12740328675415313,0.6149385531248183,0.48753526637066513
3451,1,1,1,0.9617528855648843,0.08802360288380012,1.0497764884486844
3452,0,0,1,0.6497317774361315,0.8676320581261764,0.2179002806900448
3453,0,0,1,0.40907702222718056,0.7512074428240423,0.3421304205968617
3454,0,0,1,1.0138993801812266,1.0438100564303674,0.029910676249140844
3455,0,0,1,1.0673598880827542,1.0696733270766836,0.0023134389939293465
3456,1,1,1,0.7864300700853689,0.17284175379948344,0.9592718238848523
3457,1,1,1,0.3817737340581591,0.36860750216640664,0.7503812362245658
3458,0,0,1,0.6633812184472434,0.8742354220091302,0.21085420356188675
3459,1,1,1,0.291813752599649,0.4121285879010325,0.7039423405006815
3460,1,1,1,0.8310787284327599,0.15124150381756213,0.982320232250322
3461,1,0,0,0.31239186692820126,0.7044328341056849,0.39204096717748366
3462,0,0,1,0.6489628227477855,0.8672600511251191,0.21829722837733356
3463,0,0,1,0.9894919044902463,1.0320021411230165,0.04251023663277021
3464,0,0,1,0.9267623432933342,1.0016546625366032,0.07489231924326897
3465,0,0,1,0.7551415725723505,0.9186274969537014,0.16348592438135087
3466,0,0,1,0.8375003571900731,0.9584712549029024,0.1209708977128293
3467,1,1,1,0.8434955223018891,0.14523447333838427,0.9887299956402733
3468,0,0,1,1.0302806948412382,1.0517350536147327,0.021454358773494563
3469,1,0,0,0.13114707539960885,0.6167497334293223,0.4856026580297134
3470,0,0,1,0.974505819923352,1.0247521321669457,0.05024631224359375
3471,0,0,1,0.9375596997512549,1.006878237158272,0.06931853740701725
3472,1,1,1,0.9923778316683481,0.0732077827449104,1.0655856144132585
3473,0,0,1,0.23433397704582737,0.6666697747679997,0.43233579772217234
3474,1,1,1,0.8894129172545513,0.12302043049348717,1.0124333477480385
3475,0,0,1,0.15616071169928836,0.6288508987728831,0.4726901870735948
3476,0,0,1,0.5100460379452127,0.8000545092458148,0.290008471300602
3477,1,1,1,1.0848375993971195,0.02847734357531901,1.1133149429724385
3478,0,0,1,0.09626897761988662,0.5998763119465484,0.5036073343266618
3479,0,0,1,0.9884170671392681,1.0314821533713041,0.043065086232036
3480,0,0,1,0.9237651828534139,1.0002046880662732,0.07643950521285929
3481,0,0,1,0.7718434043772431,0.9267075547985474,0.15486415042130425
3482,0,0,1,0.9025992320196433,0.989964966515016,0.08736573449537269
3483,0,0,1,0.9367864807965002,1.0065041671787553,0.06971768638225517
3484,1,1,1,0.639165729466015,0.24408569904978286,0.8832514285157979
3485,0,0,1,1.0035644979332095,1.038810218846134,0.03524572091292439
3486,0,0,1,0.4365387794494268,0.7644929667994343,0.32795418735000753
3487,1,1,1,1.0415437792835605,0.049422146213041494,1.090965925496602
3488,1,1,1,0.15554962990890742,0.4780508176528522,0.6336004475617596
3489,0,0,1,0.7380458575465249,0.9103568852075569,0.17231102766103204
3490,0,0,1,0.9363634327703149,1.0062995038482503,0.06993607107793544
3491,1,1,1,0.20129918832778954,0.45591797122504657,0.6572171595528361
3492,1,0,0,0.2702607032981313,0.6840505045996536,0.41378980130152226
3493,1,1,1,0.9223693143953259,0.10707669459877121,1.029446008994097
3494,0,0,1,0.09660023420448893,0.6000365681625336,0.5034363339580447
3495,0,0,1,0.4828009192799722,0.78687379126371,0.30407287198373784
3496,0,0,1,0.6102670745412869,0.8485397162833737,0.23827264174208673
3497,0,0,1,1.0577669024233967,1.065032406252078,0.007265503828681202
3498,1,1,1,0.5338082513034088,0.2950558278288055,0.8288640791322144
3499,0,0,1,0.24965414447166878,0.6740814072427838,0.424427262771115
3500,0,0,1,0.8699440126623771,0.9741669352316719,0.1042229225692948
3501,0,0,1,1.0103649143070728,1.0421001428683454,0.03173522856127265
3502,0,0,1,0.9145597709041527,0.9957512687105665,0.08119149780641378
3503,0,0,1,0.7362965906750801,0.9095106200988875,0.17321402942380737
3504,1,0,0,0.2911822745310988,0.6941719995196253,0.4029897249885265
3505,1,1,1,0.7164589028323167,0.20669259635858728,0.923151499190904
3506,0,0,1,0.6736425791071354,0.8791996911184902,0.2055571120113547
3507,1,1,1,0.5945647061294083,0.26566290403597714,0.8602276101653854
3508,1,1,1,1.0433843775190894,0.04853169656740208,1.0919160740864915
3509,0,0,1,0.9580567580676319,1.0167943600590543,0.058737601991422465
3510,1,1,1,0.06919635718478734,0.5198270399770558,0.5890233971618432
3511,1,1,1,0.5197514455507186,0.30185626773996715,0.8216077132906858
3512,0,0,1,0.7844184974795411,0.9327911677134568,0.1483726702339158
3513,0,0,1,0.8999916677272031,0.9887034719338706,0.08871180420666763
3514,0,0,1,0.38128376968727284,0.7377615471377331,0.3564777774504603
3515,0,0,1,0.15820097529289046,0.6298379430712342,0.47163696777834374
3516,0,0,1,0.7957023448836791,0.9382500982549045,0.1425477533712254
3517,1,1,1,0.9090944346717019,0.11349885219820491,1.0225932868699068
3518,1,0,0,0.1293212103045564,0.6158664114226554,0.486545201118099
3519,1,1,1,0.4279144790860198,0.34628540641160505,0.7741998854976249
3520,0,0,1,0.8781783810629988,0.9781505804850809,0.09997219942208205
3521,1,1,1,1.054797570954482,0.0430101906493882,1.0978077616038702
3522,1,1,1,1.1132187084280627,0.014747053068877355,1.12796576149694
3523,1,1,1,0.6456375956486663,0.2409547219371642,0.8865923175858305
3524,0,1,0,0.3038579652430493,0.4063018057856844,0.7101597710287337
3525,0,0,1,0.9221513150343751,0.9994239266812885,0.07727261164691346
3526,0,0,1,0.4343779900461905,0.7634476141954424,0.3290696241492519
3527,0,0,1,1.064862007444653,1.0684648955536535,0.0036028881090005237
3528,0,0,1,0.7999335272068436,0.9402970712050958,0.14036354399825213
3529,1,1,1,0.5362309209132505,0.2938837821026154,0.8301147030158659
3530,1,1,1,0.759554084168505,0.18584389173155813,0.9453979759000631
3531,0,0,1,0.741374728189266,0.9119673353465337,0.1705926071572678
3532,0,0,1,0.41041017828131776,0.7518524007040803,0.34144222242276256
3533,1,1,1,0.8973189180711529,0.11919564380746463,1.0165145618786176
3534,0,0,1,0.8908061566595008,0.9842596802810434,0.09345352362154258
3535,1,0,0,0.389819315720839,0.7418908969296737,0.3520715812088347
3536,0,0,1,0.6440348516028939,0.864875983774088,0.22084113217119414
3537,1,1,1,0.03570576972711714,0.536029207923483,0.5717349776506001
3538,0,0,1,0.9671620170799033,1.0211993271531372,0.05403731007323385
3539,1,1,1,0.8722279023446818,0.13133424398163465,1.0035621463263165
3540,1,1,1,1.134740110714865,0.004335370242049889,1.1390754809569148
3541,1,0,0,0.07906783797834571,0.5915546975916363,0.5124868596132905
3542,1,1,1,1.042941503014226,0.04874595160595758,1.0916874546201836
3543,1,0,0,0.10316079378385357,0.6032104536090567,0.5000496598252031
3544,0,0,1,0.939890532301785,1.008005853700873,0.06811532139908796
3545,1,0,0,0.18939943813363597,0.6449312207049879,0.4555317825713519
3546,1,1,1,0.18650497543093164,0.463075155980108,0.6495801314110397
3547,1,1,1,1.1268691723659081,0.008143194311632301,1.1350123666775405
3548,1,1,1,0.4100441029318383,0.3549307858359532,0.7649748887677915
3549,0,0,1,0.833072729898443,0.9563292452688867,0.12325651537044369
3550,0,0,1,0.9520796080898749,1.0139027181043407,0.06182311001446587
3551,1,1,1,0.9273879962390587,0.10464874297789807,1.0320367392169567
3552,1,1,1,0.528842603213842,0.29745812263512106,0.8263007258489631
3553,1,1,1,1.134769514837355,0.004321145035295771,1.139090659872651
3554,0,0,1,0.16862931744528764,0.6348829949434804,0.4662536774981928
3555,1,1,1,0.9455116729019415,0.09588082114105617,1.0413924940429977
3556,0,0,1,1.0622007301533742,1.0671774155511062,0.004976685397731891
3557,0,0,1,0.9312285899583754,1.0038153555566534,0.07258676559827787
3558,1,1,1,0.9799241496086885,0.07923265909373657,1.059156808702425
3559,0,0,1,0.40064586875660535,0.7471285963515814,0.346482727594976
3560,1,1,1,0.6811702626622854,0.22376463116115788,0.9049348938234433
3561,1,1,1,1.0270012310239505,0.05645757996197272,1.0834588109859231
3562,0,0,1,0.9580924112090201,1.0168116084332526,0.05871919722423241
3563,1,1,1,0.8304053783639129,0.151567258954464,0.9819726373183769
3564,0,0,1,0.14442144660498268,0.6231716450164069,0.4787501984114242
3565,1,1,1,0.9237350046728703,0.10641599722320133,1.0301510018960716
3566,0,0,1,0.7605141303933172,0.9212266476621568,0.16071251726883962
3567,1,1,1,0.31790373253808235,0.3995067060897417,0.717410438627824
3568,1,1,1,0.3752266488341333,0.37177486895247186,0.7470015177866052
3569,1,1,1,0.5126687645406556,0.3052827465194467,0.8179515110601023
3570,1,1,1,0.2188170296266912,0.4474431420766359,0.6662601717033271
3571,0,0,1,0.03841772151071099,0.571888873130274,0.533471151619563
3572,0,0,1,0.8416691074855966,0.9604880243161042,0.1188189168305076
3573,1,1,1,0.9011358277384819,0.11734908881512325,1.0184849165536052
3574,1,1,1,0.01154606320624152,0.5477172567844464,0.5592633199906879
3575,1,1,1,1.0991965806468245,0.0215307163762182,1.1207272970230426
3576,1,1,1,0.7917947749740875,0.17024640220405685,0.9620411771781443
3577,0,0,1,1.0040431260271276,1.0390417708537343,0.034998644826606584
3578,1,1,1,1.1171941937133156,0.012823781930632012,1.1300179756439477
3579,1,1,1,0.4667797660107421,0.3274830516653251,0.7942628176760672
3580,1,1,1,0.2119273346354572,0.45077625755240114,0.6627035921878583
3581,1,0,0,0.05079546653700284,0.5778770124535245,0.5270815459165217
3582,0,0,1,0.5612326972117825,0.8248177311839705,0.263585033972188
3583,0,0,1,0.57694422228702,0.8324186957321513,0.25547447344513136
3584,1,1,1,0.3973188667106203,0.36108703539934844,0.7584059021099687
3585,0,0,1,0.4218554548175788,0.7573894278723312,0.3355339730547524
3586,0,0,1,1.001359323737315,1.0377433936458245,0.036384069908509405
3587,1,1,1,0.8677360818667713,0.13350730917078046,1.0012433910375518
3588,0,0,1,1.0008925799921624,1.0375175910809555,0.036625011088793125
3589,0,0,1,1.0421721867368565,1.0574879520692584,0.015315765332401771
3590,1,1,1,0.9077789455038459,0.11413526314370562,1.0219142086475514
3591,0,0,1,0.9804293152895556,1.0276178169470176,0.04718850165746199
3592,0,0,1,0.7191690503348642,0.9012246118151531,0.18205556148028895
3593,1,1,1,0.6907231975332664,0.21914308621643147,0.9098662837496979
3594,0,0,1,1.0580383677766423,1.0651637365027187,0.007125368726076334
3595,1,1,1,0.9103414510713788,0.11289556719566352,1.0232370182670423
3596,0,0,1,0.40378927619785127,0.7486493225959773,0.344860046398126
3597,1,0,0,0.5154681135534294,0.8026776158047423,0.287209502251313
3598,1,1,1,0.4576414123650053,0.3319040293716497,0.789545441736655
3599,1,1,1,0.7113842143474702,0.2091476430253919,0.9205318573728621
3600,0,0,1,0.7419759163739484,0.9122581798098608,0.17028226343591238
3601,0,0,1,0.020967229657039455,0.5634466264805758,0.5424793968235363
3602,0,0,1,0.3153564178149344,0.7058670326372362,0.39051061482230176
3603,0,0,1,0.2717235049410841,0.6847581827770336,0.4130346778359495
3604,0,0,1,0.27417028062037496,0.6859418906033955,0.41177160998302054
3605,1,1,1,0.851451440626765,0.14138553742375984,0.9928369780505248
3606,1,1,1,0.7897768032741653,0.17122266206914885,0.9609994653433142
3607,1,1,1,0.9805643747655788,0.0789229292172877,1.0594873039828665
3608,0,0,1,0.9105540269121206,0.9938133589324437,0.08325933202032307
3609,1,1,1,0.871544372574752,0.13166492388215237,1.0032092964569044
3610,0,0,1,0.5765258045524834,0.8322162724567969,0.2556904679043135
3611,0,0,1,1.0360917873106308,1.0545463598141334,0.018454572503502513
3612,0,0,1,0.5398856383519095,0.8144903926967887,0.27460475434487913
3613,0,0,1,0.9801733776066324,1.02749399871517,0.04732062110853779
3614,1,1,1,1.1208532498190251,0.011053593765822007,1.1319068435848472
3615,1,1,1,0.7101236239021337,0.20975749491684706,0.9198811188189807
3616,1,1,1,0.9939423392500584,0.07245090099046615,1.0663932402405245
3617,1,1,1,0.5591064778068078,0.2828169826585651,0.8419234604653728
3618,0,1,0,0.017340628855316842,0.5449139459753547,0.5622545748306715
3619,0,0,1,0.49730973904040676,0.7938929077471136,0.29658316870670687
3620,0,0,1,0.48293173697267033,0.7869370786046723,0.304005341632002
3621,1,1,1,1.0622151942215416,0.039421672589257765,1.1016368668107994
3622,0,0,1,0.8887491964610448,0.9832645584535561,0.09451536199251136
3623,0,0,1,0.21093465208202988,0.6553495853752143,0.4444149332931844
3624,0,0,1,0.4521978595641782,0.7720685593812734,0.3198706998170952
3625,1,1,1,0.9467895162798394,0.09526262257872588,1.0420521388585653
3626,0,0,1,0.7683439557394892,0.92501458197087,0.1566706262313808
3627,1,1,1,0.8854816206846257,0.12492232389424202,1.0104039445788677
3628,0,0,1,0.7308305925870495,0.9068662646026139,0.17603567201556436
3629,0,0,1,0.9260669490545834,1.0013182428109277,0.07525129375634437
3630,0,1,0,0.09199595634665048,0.5087969875720741,0.6007929439187246
3631,0,0,1,0.9788900027839011,1.0268731241353382,0.04798312135143702
3632,0,0,1,0.7428320986776041,0.9126723860250884,0.16984028734748424
3633,1,1,1,0.07216539440720438,0.5183906710337641,0.5905560654409685
3634,1,1,1,1.0173968994498317,0.061103989744235365,1.078500889194067
3635,1,1,1,0.21893461827668398,0.44738625471811505,0.666320872994799
3636,1,1,1,0.9273119308359499,0.10468554210653798,1.031997472942488
3637,1,1,1,0.6013045509902444,0.2624022834659095,0.8637068344561538
3638,1,1,1,0.2586921880871672,0.42815222891831617,0.6868444170054834
3639,0,0,1,1.0223084242720004,1.0478782067666323,0.025569782494631904
3640,0,0,1,0.6770700964815394,0.8808578648429606,0.20378776836142123
3641,1,1,1,1.1307873022036137,0.006247670748581989,1.1370349729521956
3642,0,0,1,0.03043299481911632,0.5680260002252511,0.5375930054061347
3643,1,1,1,1.1327000029490257,0.005322339153619827,1.1380223421026456
3644,1,1,1,0.95006476519463,0.09367811370587124,1.0437428789005012
3645,0,0,1,0.8298831748844414,0.9547861936255991,0.12490301874115774
3646,0,0,1,0.662618081204915,0.8738662293880092,0.21124814818309415
3647,0,0,1,0.9781719673358417,1.026525750983534,0.048353783647692224
3648,0,0,1,0.4281174267486071,0.760418861770156,0.33230143502154896
3649,0,0,1,0.9723182744846756,1.0236938354549912,0.05137556097031564
3650,1,1,1,1.0670328295078706,0.03709098382148415,1.1041238133293547
3651,0,0,1,0.549062687361567,0.8189300905520441,0.2698674031904771
3652,0,0,1,0.7225976461743313,0.9028833072823998,0.1802856611080686
3653,1,0,0,0.25357251039886397,0.6759770450218527,0.42240453462298877
3654,1,1,1,0.5491007490032445,0.28765758148970344,0.8367583304929479
3655,1,1,1,1.1207476478904783,0.011104682155476135,1.1318523300459544
3656,1,1,1,0.32430534291310903,0.3964097175237791,0.7207150604368882
3657,0,0,1,0.7002227334050372,0.8920587108212908,0.19183597741625366
3658,1,1,1,0.5786472087217238,0.2733635144421723,0.852010723163896
3659,1,1,1,0.831423678979814,0.15107462269898972,0.9824983016788037
3660,0,0,1,0.9322109402462395,1.00429059966416,0.07207965941792055
3661,1,1,1,0.9383293541215928,0.09935550295340335,1.0376848570749961
3662,1,1,1,0.1608253026162645,0.4754985382894932,0.6363238409057577
3663,0,0,1,0.9083678758531951,0.9927557367973366,0.08438786094414152
3664,1,1,1,0.7173017461328223,0.20628484332276573,0.923586589455588
3665,1,1,1,0.1693093650517497,0.471394095373362,0.6407034604251117
3666,1,1,1,1.0139408421953882,0.06277597056988483,1.076716812765273
3667,0,0,1,0.8240005653230997,0.9519402886919642,0.12793972336886447
3668,0,0,1,0.5033196458514,0.7968003968921507,0.2934807510407506
3669,0,0,1,0.9822108709161744,1.0284797027979262,0.04626883188175177
3670,1,1,1,0.914819116474183,0.1107293499874453,1.0255484664616283
3671,1,1,1,1.0829295115587345,0.02940044352551024,1.1123299550842447
3672,0,0,1,0.536335196516534,0.8127727502405767,0.27643755372404266
3673,1,1,1,0.34531374429830836,0.38624621567541145,0.7315599599737198
3674,0,0,1,0.03150899355159853,0.5685465498332821,0.5370375562816836
3675,0,0,1,0.5413209771625747,0.8151847848300953,0.2738638076675206
3676,0,0,1,0.19518455584554872,0.6477299607652132,0.45254540491966444
3677,1,1,1,0.8375542055036536,0.14810877981955922,0.9856629853232128
3678,1,1,1,1.071018171846857,0.035162944010839386,1.1061811158576964
3679,0,0,1,1.0413853570739584,1.057107297464151,0.01572194039019281
3680,1,1,1,1.1123612748963365,0.015161864606641103,1.1275231395029777
3681,0,0,1,0.4540027490007679,0.7729417337265524,0.31893898472578447
3682,0,0,1,0.04107701041407297,0.5731753911850798,0.5320983807710068
3683,1,1,1,0.03747724707313238,0.5351721977707137,0.5726494448438461
3684,0,0,1,0.7931428436910652,0.9370118557715732,0.14386901208050792
3685,0,0,1,0.10947765035767909,0.6062664397494005,0.49678878939172144
3686,0,1,0,0.07403822812192618,0.5174846264198855,0.5915228545418116
3687,1,1,1,0.43240914606201325,0.3441109641358358,0.7765201101978491
3688,0,0,1,0.4410835553931761,0.7666916509285968,0.3256080955354207
3689,0,0,1,0.6979128784972153,0.8909412429000215,0.1930283644028063
3690,0,0,1,0.555092003840346,0.8218469697592187,0.26675496591887266
3691,1,0,0,0.07193152452603413,0.588102272362642,0.5161707478366079
3692,0,0,1,0.7166518893603507,0.900006852798271,0.1833549634379202
3693,0,1,0,0.2139225220981753,0.44981102030786424,0.6637335424060395
3694,1,1,1,0.27773772492366877,0.41893832704678624,0.696676051970455
3695,0,0,1,1.0231747792447468,1.0482973343435193,0.02512255509877269
3696,0,0,1,0.4523360923679055,0.7721354340249185,0.31979934165701296
3697,1,1,1,1.1164983124783292,0.013160437256677503,1.1296587497350068
3698,0,0,1,1.0506856031251315,1.061606595920909,0.01092099279577743
3699,0,0,1,0.7384916209558854,0.9105725378482268,0.17208091689234137
3700,0,0,1,0.8585824115097944,0.9686703887692627,0.11008797725946823
3701,1,1,1,1.100696203143586,0.020805224905533007,1.1215014280491191
3702,1,1,1,0.8603067356475507,0.1371014985927518,0.9974082342403024
3703,1,0,0,0.18332390828661232,0.6419919842682003,0.45866807598158793
3704,1,1,1,0.8405177640415409,0.14667506136924519,0.9871928254107861
3705,1,1,1,0.008023614373292243,0.549421356709426,0.5574449710827183
3706,0,0,1,0.9124990194118385,0.994754312720573,0.0822552933087345
3707,1,1,1,1.0226580565587748,0.05855873277675538,1.0812167893355302
3708,0,0,1,0.8957148070319502,0.9866344005759692,0.09091959354401899
3709,1,1,1,0.9060799039663884,0.11495723010300829,1.0210371340693967
3710,0,0,1,1.0441373328881072,1.058438655846016,0.014301322957908843
3711,1,0,0,0.011353171085274893,0.5587955109448033,0.5474423398595284
3712,1,1,1,1.036005008100884,0.05210170807596733,1.0881067161768514
3713,1,1,1,1.0355266173716435,0.05233314525063514,1.0878597626222786
3714,1,1,1,0.604119899973397,0.2610402662391142,0.8651601662125111
3715,1,1,1,0.6660839687748189,0.23106311965625626,0.8971470884310752
3716,1,1,1,0.459640534411839,0.33093688864325416,0.7905774230550932
3717,1,1,1,1.0688429874269987,0.03621526067532134,1.1050582481023201
3718,0,0,1,0.6419548523808014,0.8638697160647689,0.22191486368396754
3719,0,0,1,0.9720621815966471,1.0235699421375937,0.05150776054094656
3720,1,1,1,0.5272027386390621,0.29825146080166004,0.8254541994407221
3721,0,0,1,0.3293086675116807,0.7126168901338504,0.38330822262216974
3722,1,1,1,0.972826100161707,0.08266657285763805,1.055492673019345
3723,0,0,1,0.812215844155903,0.9462390440722911,0.13402319991638809
3724,0,0,1,0.6325170671507961,0.8593038785281141,0.22678681137731796
3725,1,1,1,0.8883299198315312,0.12354436594715744,1.0118742857786887
3726,0,0,1,0.7990035166263662,0.9398471481442986,0.14084363151793242
3727,1,1,1,0.929433481427682,0.10365917256203448,1.0330926539897165
3728,1,1,1,1.1412648571099842,0.001178810595695912,1.1424436677056802
3729,1,0,0,0.07130412448565315,0.5877987470561153,0.5164946225704622
3730,0,0,1,1.0102592336979175,1.0420490164143714,0.031789782716453996
3731,0,0,1,0.7812381943479084,0.9312525919711117,0.15001439762320326
3732,0,0,1,1.0287065557800503,1.0509735123168193,0.02226695653676903
3733,1,1,1,0.2479875296296261,0.4333309578479725,0.6813184874775986
3734,1,1,1,1.1048291975161564,0.01880575359047593,1.1236349511066324
3735,1,1,1,0.4694498835886095,0.32619129488476717,0.7956411784733767
3736,0,0,1,0.277551969951731,0.6875778935119299,0.4100259235601989
3737,0,1,0,0.3430040116056157,0.38736362447111145,0.7303676360767272
3738,1,0,0,0.13452179333477177,0.61838236369675,0.48386057036197827
3739,0,0,1,0.9986082482272706,1.0364124708155402,0.03780422258826963
3740,1,1,1,0.7203589687368246,0.20480581181451685,0.9251647805513414
3741,0,0,1,0.9804201997583594,1.0276134070104184,0.04719320725205895
3742,1,1,1,0.8962772767000775,0.1196995719172789,1.0159768486173564
3743,0,0,1,0.853646623052397,0.966282539537419,0.11263591648502204
3744,0,1,0,0.35149436871780126,0.38325613629907973,0.734750505016881
3745,0,1,0,0.10818104895723413,0.5009669192271519,0.609147968184386
3746,1,1,1,0.8032190494447278,0.16471953547252086,0.9679385849172486
3747,1,0,0,0.15217126285461846,0.6269208723056938,0.47474960945107536
3748,1,0,0,0.02791555527155376,0.5668081064395377,0.538892551167984
3749,1,1,1,1.0936654577448472,0.024206578133000756,1.117872035877848
3750,1,1,1,0.9791790616112428,0.07959311980183066,1.0587721814130735
3751,0,0,1,0.8069556644248206,0.9436942599433441,0.13673859551852352
3752,0,0,1,0.7780732864396744,0.929721464172025,0.15164817773235056
3753,1,1,1,0.9842476291358266,0.07714103434991348,1.0613886634857401
3754,1,1,1,0.21433877775174554,0.4496096430099497,0.6639484207616952
3755,0,0,1,0.13428088768873958,0.6182658177047996,0.48398493001606
3756,0,0,1,0.9873269139263142,1.0309547560700194,0.04362784214370514
3757,1,1,1,0.9452901943239829,0.09598796865291037,1.0412781629768932
3758,0,0,1,0.8858822831421838,0.9818775952914812,0.09599531214929752
3759,1,1,1,0.7275937200339977,0.20130576405585668,0.9288994840898543
3760,1,1,1,0.8575610297018483,0.13842982372052087,0.9959908534223693
3761,0,0,1,0.8560177777495173,0.9674296632383174,0.11141188548880016
3762,0,0,1,0.0968014275107334,0.6001339020101882,0.5033324744994548
3763,0,0,1,1.0574305557981536,1.064869687562318,0.0074391317641645
3764,1,0,0,0.13428776904915063,0.6182691467881494,0.48398137773899874
3765,0,0,1,0.3643073014080717,0.7295486249086304,0.36524132350055866
3766,1,1,1,0.05690718855698462,0.5257723275681226,0.5826795161251073
3767,0,0,1,0.33168415390974754,0.7137661094368734,0.3820819555271258
3768,0,0,1,0.8758001451384394,0.9770000310086155,0.10119988587017617
3769,1,1,1,0.22129113012383533,0.44624621497520073,0.6675373450990361
3770,1,1,1,1.0374807334779583,0.051387777619167165,1.0888685110971255
3771,1,1,1,0.2545584421601464,0.4301520638224397,0.6847105059825861
3772,0,0,1,0.7138975835042287,0.8986743671823313,0.18477678367810255
3773,0,0,1,0.6543064463561287,0.8698452039611001,0.21553875760497146
3774,1,1,1,0.3016763298106627,0.4073572433386411,0.7090335731493038
3775,0,1,0,0.032215055116962654,0.5377179553794138,0.5699330104963765
3776,1,1,1,0.7442416275937802,0.19325179382971147,0.9374934214234917
3777,0,0,1,0.46408754382778566,0.7778205833346437,0.313733039506858
3778,0,0,1,0.8904347615999391,0.9840800057639243,0.09364524416398519
3779,0,0,1,1.037510478652993,1.0552326981897187,0.017722219536725644
3780,1,1,1,0.14728915268645032,0.48204709390345685,0.6293362465899072
3781,0,0,1,0.759158064670824,0.9205706064801382,0.16141254180931414
3782,1,1,1,0.2646724136192232,0.42525909906353687,0.6899315126827601
3783,0,0,1,1.0467277119683234,1.059691836518216,0.012964124549892512
3784,0,1,0,0.06990557638361217,0.5194839319744055,0.5893895083580176
3785,1,1,1,1.1391830395609106,0.0021859579802122994,1.141368997541123
3786,1,1,1,0.5069962912855306,0.3080269911364549,0.8150232824219855
3787,1,1,1,0.7923002819614122,0.17000184665193108,0.9623021286133433
3788,0,0,1,0.7951083325522804,0.9379627253454942,0.14285439279321377
3789,0,0,1,0.8791613805824636,0.978626138679626,0.09946475809716235
3790,0,0,1,0.1211560968541438,0.6119162705183663,0.4907601736642225
3791,1,1,1,0.7912531737312722,0.1705084195337671,0.9617615932650393
3792,0,0,1,0.42466740554243726,0.7587498010804399,0.3340823955380026
3793,0,0,1,1.0504294748613854,1.06148268548935,0.011053210627964575
3794,1,1,1,0.8468382372944647,0.14361732554200105,0.9904555628364657
3795,0,0,1,0.374482591502071,0.7344712545643498,0.3599886630622788
3796,1,0,0,0.18373460218501225,0.6421906708849955,0.45845606869998323
3797,0,0,1,0.1702713625342615,0.6356773880051365,0.465406025470875
3798,1,1,1,0.20583314361842447,0.4537245219410259,0.6595576655594504
3799,0,0,1,0.47881172251597043,0.7849438867487954,0.306132164232825
3800,1,1,1,1.112178294646338,0.015250387292159823,1.127428681938498
3801,0,0,1,0.5301700518609713,0.8097901597067529,0.27962010784578156
3802,0,0,1,1.066283575515032,1.069152625640582,0.0028690501255502453
3803,1,1,1,0.6393241956035218,0.24400903586861433,0.8833332314721362
3804,0,0,1,0.8915155008703886,0.9846028487623714,0.0930873478919828
3805,0,0,1,0.9742596781265881,1.0246330530156813,0.050373374889093235
3806,1,0,0,0.022499449467467847,0.564187887968771,0.5416884385013031
3807,1,1,1,0.8916970255339259,0.12191541834650624,1.0136124438804321
3808,0,0,1,0.5517817360440121,0.8202455193561273,0.2684637833121152
3809,0,0,1,0.8467131035802824,0.9629282225344996,0.1162151189542172
3810,0,0,1,1.0309359180486428,1.0520520392890564,0.021116121240413614
3811,1,1,1,0.17189646293741595,0.47014250208643055,0.6420389650238465
3812,1,1,1,0.163135871178763,0.4743807251144137,0.6375165962931767
3813,0,0,1,0.7721252701448886,0.9268439165900959,0.1547186464452073
3814,0,0,1,1.0138174123480175,1.0437704018079594,0.029952989459941907
3815,0,0,1,0.9745918233421526,1.0247937391359825,0.050201915793829884
3816,0,0,1,1.0590040769264562,1.065630929914971,0.0066268529885149365
3817,0,0,1,0.9258318016831572,1.0012044825728064,0.07537268088964923
3818,0,0,1,0.7467362762985239,0.9145611597465638,0.16782488344803995
3819,0,0,1,0.041720453261139934,0.5734866777244778,0.5317662244633379
3820,0,0,1,0.5336048161975422,0.81145183938639,0.27784702318884785
3821,1,0,0,0.26756456015148933,0.6827461570982932,0.4151815969468039
3822,0,0,1,0.9735240035544267,1.0242771463602027,0.05075314280577601
3823,0,0,1,1.0537213853890188,1.06307525496281,0.009353869573791047
3824,0,0,1,0.6681446442360066,0.8765398851579904,0.20839524092198386
3825,0,0,1,0.587256005935801,0.8374073586129066,0.2501513526771057
3826,0,0,1,0.5015467076028383,0.795942679979954,0.2943959723771158
3827,1,0,0,0.10545975567912141,0.6043226516789366,0.4988628959998152
3828,0,0,1,0.9615128666027615,1.0184663656934143,0.056953499090652844
3829,1,1,1,0.3919548298683031,0.36368206380546086,0.755636893673764
3830,1,1,1,0.547126062188793,0.28861290087458363,0.8357389630633766
3831,0,0,1,0.9227419073994415,0.9997096450700381,0.07696773767059663
3832,1,1,1,0.9745285698531329,0.08184294741663765,1.0563715172697705
3833,1,1,1,0.35183975987502675,0.38308904202091426,0.734928801895941
3834,1,1,1,0.9306517951512543,0.10306977341859744,1.0337215685698518
3835,1,1,1,0.10205698413937991,0.5039296360447978,0.6059866201841777
3836,1,1,1,0.5879906568333269,0.26884331557452745,0.8568339724078543
3837,0,0,1,0.7109049446169188,0.8972265801610827,0.1863216355441639
3838,1,1,1,1.1227625795196021,0.010129893024144833,1.132892472543747
3839,1,0,0,0.14132670608285508,0.6216744629871724,0.48034775690431736
3840,1,1,1,0.7218399045630193,0.2040893606323985,0.9259292651954177
3841,1,1,1,0.7908753868421421,0.1706911863076668,0.9615665731498089
3842,0,0,1,1.0319831128260635,1.0525586540409726,0.020575541214909062
3843,0,0,1,0.16984312741179225,0.6354702152470123,0.46562708783522005
3844,1,1,1,1.026865508047434,0.05652324039454903,1.083388748441983
3845,1,0,0,0.45377942661585124,0.7728336942127281,0.31905426759687683
3846,1,1,1,0.5956861232191877,0.2651203818109023,0.8608065050300899
3847,0,0,1,0.2259581013175493,0.6626176707128084,0.43665956939525913
3848,1,1,1,1.0068166769126423,0.06622251872419979,1.0730391956368421
3849,0,0,1,0.31223566991561336,0.7043572686879723,0.39212159877235897
3850,1,1,1,1.1213701828513534,0.010803510490411372,1.1321736933417648
3851,0,0,1,0.5133786268174241,0.8016667582000085,0.2882881313825844
3852,1,1,1,0.677328083670233,0.22562341101648742,0.9029514946867204
3853,0,0,1,0.7742960263163892,0.9278940909444827,0.15359806462809356
3854,0,0,1,0.8549305866569455,0.966903698959728,0.1119731123027825
3855,1,1,1,0.22012682704008857,0.44680948470366555,0.6669363117437541
3856,0,0,1,0.1805406166418156,0.6406454758281831,0.4601048591863675
3857,0,0,1,0.02410478490455048,0.5649645215346897,0.5408597366301392
3858,0,0,1,0.8834739523862524,0.9807124864552309,0.09723853406897852
3859,1,1,1,0.14835433979625512,0.4815317747717981,0.6298861145680532
3860,1,1,1,0.2338221828867959,0.4401839080160397,0.6740060909028356
3861,0,0,1,0.27822109349858376,0.6879016039304682,0.4096805104318844
3862,0,0,1,0.9111300336368757,0.9940920210402538,0.08296198740337812
3863,1,1,1,0.4547397661568789,0.3333077957058353,0.7880475618627142
3864,0,0,1,0.8513404561034663,0.9651668557869831,0.11382639968351684
3865,1,1,1,0.546009170655291,0.28915323371367213,0.835162404368963
3866,1,0,0,0.1556212357918874,0.6285899096437492,0.47296867385186175
3867,0,0,1,0.7924842547343753,0.93669324180586,0.14420898707148463
3868,1,1,1,0.4372461611398261,0.3417708997595636,0.7790170608993897
3869,1,1,1,1.0912938338026674,0.025353928846556777,1.1166477626492242
3870,0,0,1,0.5921670744184426,0.8397832487477912,0.24761617432934854
3871,0,0,1,0.48946921333751175,0.7900997967905756,0.30063058345306387
3872,0,0,1,0.4294327770632466,0.761055205540868,0.3316224284776214
3873,1,1,1,0.615653739032824,0.25546039405132126,0.8711141330841453
3874,0,0,1,1.0035392283020692,1.0387979938349066,0.03525876553283732
3875,0,0,1,0.4991019404395578,0.7947599438389579,0.29565800339940007
3876,1,1,1,1.1423902825787218,0.0006343491860918126,1.1430246317648136
3877,1,1,1,1.0866320037777548,0.02760924171907045,1.1142412454968253
3878,1,1,1,0.14128082163739425,0.48495382072207655,0.6262346423594708
3879,1,1,1,0.588817503626585,0.26844330137270833,0.8572608049992934
3880,1,1,1,0.8291557948699417,0.1521717858729002,0.981327580742842
3881,1,1,1,0.03964026927557884,0.5341257649770166,0.5737660342525954
3882,0,0,1,0.9895375234416522,1.0320242107840265,0.04248668734237425
3883,0,0,1,0.8667355823982785,0.9726147520682972,0.10587916967001867
3884,0,0,1,0.7730700524096006,0.9273009859366702,0.15423093352706968
3885,0,0,1,0.8865199728993467,0.9821860985853195,0.0956661256859728
3886,1,1,1,0.6688117644337211,0.22974345921599285,0.898555223649714
3887,0,0,1,0.7465209786151743,0.9144570024447991,0.16793602382962478
3888,1,1,1,1.1152967248400631,0.013741744608844579,1.1290384694489077
3889,0,0,1,0.8372461605772308,0.9583482789706979,0.1211021183934671
3890,0,0,1,0.7452691986389115,0.9138514129061558,0.1685822142672443
3891,1,1,1,1.1436612298073108,1.9486861724795354e-05,1.1436807166690355
3892,1,1,1,0.9644545092028639,0.08671660401535962,1.0511711132182235
3893,0,0,1,0.998854550210291,1.0365316274621497,0.03767707725185862
3894,0,0,1,0.9136289000939232,0.9953009294854684,0.08167202939154529
3895,0,0,1,0.9320173861315963,1.0041969615255,0.07217957539390366
3896,0,0,1,0.9763661033430342,1.025652105164784,0.04928600182174979
3897,0,0,1,0.11926415444829547,0.6110009814496611,0.4917368270013656
3898,1,0,0,0.3219950969990389,0.7090787109996793,0.38708361400064045
3899,1,1,1,0.7527460307696096,0.18913751041461543,0.941883541184225
3900,0,0,1,0.2765773296644855,0.6871063793695976,0.4105290497051121
3901,1,1,1,0.7309884115991001,0.1996634708911391,0.9306518824902392
3902,0,0,1,1.0477878677327173,1.0602047215718386,0.012416853839121361
3903,1,1,1,0.11577755672267553,0.4972918599354156,0.6130694166580911
3904,0,0,1,0.34789595304158577,0.7216090979356501,0.3737131448940643
3905,1,1,1,1.128437984803118,0.007384229942427248,1.1358222147455452
3906,1,1,1,0.6767714088848085,0.2258927206658445,0.902664129550653
3907,0,0,1,0.926195850548342,1.001380603127929,0.07518475257958708
3908,1,1,1,0.6206088797887958,0.2530631825115741,0.8736720623003699
3909,0,0,1,0.440008164598446,0.7661713954303533,0.3261632308319073
3910,0,0,1,0.9461244434219452,1.0110217122629122,0.0648972688409669
3911,1,1,1,1.083012488209876,0.029360300854405122,1.1123727890642812
3912,0,1,0,0.3402691231913737,0.388686716263941,0.7289558394553147
3913,0,0,1,0.6826500880313033,0.8835573684077515,0.20090728037644812
3914,1,0,0,0.0454006377665902,0.5752670874442687,0.5298664496776785
3915,1,1,1,0.8334948875481568,0.15007260775617084,0.9835674953043276
3916,1,1,1,0.7305348689460179,0.19988288699560108,0.930417755941619
3917,1,1,1,0.5521864041634419,0.2861647948016984,0.8383511989651403
3918,0,0,1,0.9523853610110161,1.0140506360883028,0.06166527507728666
3919,1,1,1,0.7245939899945675,0.2027569816540616,0.9273509716486291
3920,1,1,1,0.2674936656241849,0.42389422605671495,0.6913878916808999
3921,1,1,1,0.9666108716901719,0.08567339307685644,1.0522842647670283
3922,1,1,1,1.1045968198024754,0.018918173916002548,1.1235149937184779
3923,0,0,1,0.3778483471720227,0.7360995490426154,0.35825120187059273
3924,0,0,1,0.39970606293968036,0.7466739345245205,0.3469678715848401
3925,1,0,0,0.29935262220003095,0.6981246726484575,0.3987720504484265
3926,1,1,1,1.1347501609793011,0.0043305080976486655,1.1390806690769497
3927,1,1,1,0.5798719417584162,0.2727710097458868,0.8526429515043029
3928,0,0,1,0.8463044121914642,0.9627305046972637,0.11642609250579954
3929,0,0,1,0.7953735546706302,0.9380910352268912,0.14271748055626104
3930,1,1,1,0.8329368500981924,0.15034257663910391,0.9832794267372963
3931,1,1,1,0.8578236887366526,0.13830275381468773,0.9961264425513403
3932,0,0,1,0.7523090484526139,0.9172571706923814,0.1649481222397675
3933,0,0,1,0.8478501398757274,0.9634783010615863,0.11562816118585886
3934,0,0,1,0.07736169113388924,0.5907292932074913,0.5133676020736021
3935,1,1,1,1.0892564765616357,0.02633956710171691,1.1155960436633525
3936,0,0,1,1.0698988862354504,1.0709016505433187,0.001002764307868235
3937,1,0,0,0.06553072505274404,0.5850056760969382,0.5194749510441942
3938,1,1,1,1.1382029611417477,0.0026601029968685973,1.1408630641386164
3939,0,0,1,0.8676893223971153,0.9730761550119723,0.105386832614857
3940,0,0,1,0.2605880679423311,0.6793710506271813,0.4187829826848502
3941,0,0,1,0.8215455940263988,0.950752615967409,0.1292070219410102
3942,1,1,1,1.1435444006569726,7.600678742650912e-05,1.1436204074443992
3943,1,0,0,0.01925571825597361,0.5626186268165704,0.5433629085605968
3944,1,0,0,0.016963860705214828,0.5615098657058967,0.5445460050006818
3945,0,0,1,0.8465567534017489,0.9628525830177471,0.11629582961599828
3946,0,0,1,0.4647594929288014,0.7781456607074986,0.31338616777869716
3947,0,0,1,0.7690964151821238,0.9253786088568675,0.15628219367474366
3948,1,1,1,1.1379587235145519,0.0027782609437742873,1.1407369844583262
3949,0,0,1,1.0549640118879104,1.0636764162071497,0.008712404319239265
3950,0,0,1,0.9041371767652701,0.9907089976280105,0.08657182086274039
3951,0,0,1,0.7442062746173028,0.9133371886174907,0.16913091400018787
3952,0,0,1,0.7433986845045555,0.9129464904652071,0.1695478059606516
3953,1,0,0,0.023507880248604285,0.5646757493686037,0.5411678691199994
3954,0,0,1,0.9460046772357872,1.010963771449993,0.06495909421420586
3955,0,0,1,0.8650560420430471,0.9718022194442381,0.10674617740119095
3956,1,0,0,0.013658483156169465,0.559910781120006,0.5462522979638366
3957,0,0,1,0.7276562163075834,0.9053305561690108,0.17767433986142744
3958,1,1,1,0.8720458916260425,0.13142229762462226,1.0034681892506647
3959,1,0,0,0.08601175369030922,0.5949140441158878,0.5089022904255786
3960,1,1,1,0.43642350552086134,0.34216888634362647,0.7785923918644878
3961,0,0,1,0.6932517609999195,0.888686274736066,0.19543451373614648
3962,1,0,0,0.20350718208179902,0.6517563036355943,0.4482491215537953
3963,1,1,1,1.0723307437172664,0.03452794440347182,1.1068586881207383
3964,1,1,1,0.4731159254811107,0.3244177271169274,0.7975336525980381
3965,0,0,1,0.42022306596321685,0.7565997063302509,0.336376640367034
3966,0,0,1,0.1387434660276639,0.6204247360520136,0.48168127002434974
3967,1,1,1,0.4771165072091567,0.3224823147529868,0.7995988219621435
3968,1,1,1,0.1148435046716384,0.4977437381898874,0.6125872428615258
3969,1,1,1,1.0393207510708578,0.050497608878406194,1.089818359949264
3970,1,1,1,1.0250432896609156,0.05740479818659303,1.0824480878475087
3971,1,1,1,0.34042819799612295,0.38860975862007024,0.7290379566161932
3972,1,1,1,0.5236260754657563,0.29998178868841163,0.823607864154168
3973,1,0,0,0.00796707431953203,0.5571573757956136,0.5491903014760816
3974,0,0,1,0.9436580799439362,1.0098285281977433,0.06617044825380707
3975,0,0,1,1.0599521365076836,1.0660895847706877,0.006137448263004208
3976,1,1,1,1.0001120903609284,0.06946608193310218,1.0695781722940305
3977,0,0,1,0.5347698824995831,0.8120154783466874,0.2772455958471043
3978,0,0,1,0.7464870734323529,0.9144405997027744,0.16795352627042145
3979,0,0,1,0.8942035065283372,0.9859032594872079,0.0916997529588707
3980,0,0,1,0.8776250512345259,0.9778828890681411,0.10025783783361523
3981,1,1,1,0.9162933707129995,0.11001613124193285,1.0263095019549324
3982,1,1,1,1.1175728610832714,0.012640589195311747,1.1302134502785832
3983,1,1,1,1.1099589868901367,0.016324050064908474,1.1262830369550452
3984,1,1,1,1.1180602334966872,0.012404806836922336,1.1304650403336094
3985,1,1,1,1.1395626291179033,0.002002319106726516,1.1415649482246297
3986,1,0,0,0.1514059826955756,0.6265506429784671,0.4751446602828915
3987,0,0,1,0.9429357755488352,1.00947908980307,0.06654331425423488
3988,0,0,1,0.7274322202645751,0.9052221907510336,0.17778997048645845
3989,0,0,1,0.9271811583744156,1.0018572780413553,0.07467611966693964
3990,0,1,0,0.2689501478874789,0.4231896050861002,0.6921397529735791
3991,0,0,1,0.742526060498118,0.9125243300380645,0.16999826953994654
3992,0,0,1,1.0699319288515512,1.0709176359904575,0.000985707138906373
3993,1,1,1,0.7856060480603017,0.17324040142722566,0.9588464494875273
3994,1,1,1,0.2569418714110121,0.428999001904378,0.6859408733153901
3995,0,0,1,0.4688702384573162,0.7801343684159615,0.31126412995864533
3996,0,0,1,0.9040087529195842,0.9906468683888994,0.08663811546931519
3997,1,1,1,0.811699191691921,0.1606169890757974,0.9723161807677184
3998,0,0,1,0.9538144170616348,1.0147419887307803,0.060927571669145385
3999,1,1,1,0.7853596373814596,0.17335961065899672,0.9587192480404564
